Dist Code,District Name,Org Level,CESA,Cty Code,County Name,School Year,Days of Instruction,Actual Days of Attendance,Possible Days of Attendance,ADA,ADM
7,Abbotsford,D,10,10,Clark,2018-2019,172,126344,130528.5,734.56,758.89
14,Adams-Friendship Area,D,5,1,Adams,2018-2019,169,236217.5,256353,1397.74,1516.88
63,Albany,D,2,23,Green,2018-2019,175,56134,59038,320.77,337.36
70,Algoma,D,7,31,Kewaunee,2018-2019,169,117485.5,123269,695.18,729.4
84,Alma,D,4,6,Buffalo,2018-2019,162,38795,40649,239.48,250.92
91,Alma Center,D,4,27,Jackson,2018-2019,172,96433.5,101042,560.66,587.45
105,Almond-Bancroft,D,5,49,Portage,2018-2019,173,59544.5,62801,344.19,363.01
112,Altoona,D,10,18,Eau Claire,2018-2019,167,255179,266380.5,1528.02,1595.09
119,Amery,D,11,48,Polk,2018-2019,173,263481.5,279262,1523.01,1614.23
126,Tomorrow River,D,5,49,Portage,2018-2019,169,185617,194491,1098.33,1150.83
140,Antigo Unified,D,9,34,Langlade,2018-2019,168,334469.5,358156.5,1990.89,2131.88
147,Appleton Area,D,6,44,Outagamie,2018-2019,172,2670895.5,2804647,15528.46,16306.09
154,Arcadia,D,4,61,Trempealeau,2018-2019,176,199444,210269.5,1133.2,1194.71
161,Argyle,D,3,33,Lafayette,2018-2019,168,44251,46234,263.4,275.2
170,Ashland,D,12,2,Ashland,2018-2019,176,342084,368530,1943.66,2093.92
182,Ashwaubenon,D,7,5,Brown,2018-2019,175,537650.5,564618,3072.29,3226.39
196,Athens,D,9,37,Marathon,2018-2019,168,65118.5,67595,387.61,402.35
203,Auburndale,D,5,71,Wood,2018-2019,168,126976,131324.5,755.81,781.69
217,Augusta,D,10,18,Eau Claire,2018-2019,167,97944,103016,586.49,616.86
231,Baldwin-Woodville Area,D,11,55,Saint Croix,2018-2019,174,294473,307115,1692.37,1765.03
238,Unity,D,11,48,Polk,2018-2019,169,146301.5,156076,865.69,923.53
245,Bangor,D,4,32,La Crosse,2018-2019,170,92687.5,96303,545.22,566.49
280,Baraboo,D,5,56,Sauk,2018-2019,171,467714,500330.5,2735.17,2925.91
287,Barneveld,D,3,25,Iowa,2018-2019,168,70671.5,72988,420.66,434.45
308,Barron Area,D,11,3,Barron,2018-2019,174,196460,207675.5,1129.08,1193.54
315,Bayfield,D,12,4,Bayfield,2018-2019,172,56151.5,61528,326.46,357.72
336,Beaver Dam Unified,D,6,14,Dodge,2018-2019,169,550081.5,583249,3254.92,3451.18
350,Belleville,D,2,13,Dane,2018-2019,168,146032,153075,869.24,911.16
364,Belmont Community,D,3,33,Lafayette,2018-2019,179,60754.5,64075,339.41,357.96
413,Beloit,D,2,53,Rock,2018-2019,173,1002049,1110818,5792.19,6420.91
422,Beloit Turner,D,2,53,Rock,2018-2019,170,255296,268468,1501.74,1579.22
427,Benton,D,3,33,Lafayette,2018-2019,168,31696.5,33142,188.67,197.27
434,Berlin Area,D,6,24,Green Lake,2018-2019,178,257864.5,272536,1448.68,1531.1
441,Birchwood,D,11,65,Washburn,2018-2019,170,46330,49068,272.53,288.64
469,Wisconsin Heights,D,2,13,Dane,2018-2019,169,125618.5,131738,743.3,779.51
476,Black River Falls,D,4,27,Jackson,2018-2019,182,265282.5,287619,1457.6,1580.32
485,Blair-Taylor,D,4,61,Trempealeau,2018-2019,168,96983,101619,577.28,604.88
490,Pecatonica Area,D,3,33,Lafayette,2018-2019,174,61747,65897,354.87,378.72
497,Bloomer,D,10,9,Chippewa,2018-2019,167,196394,206264,1176.01,1235.11
602,Bonduel,D,8,58,Shawano,2018-2019,174,123689,129840,710.86,746.21
609,Boscobel Area,D,3,22,Grant,2018-2019,179,121177.5,126250,676.97,705.31
616,North Lakeland,D,9,63,Vilas,2018-2019,169,25395.5,26683,150.27,157.89
623,Bowler,D,8,58,Shawano,2018-2019,179,52734,56502,294.6,315.65
637,Boyceville Community,D,11,17,Dunn,2018-2019,176,109278,114648,620.9,651.41
657,Brighton #1,D,2,30,Kenosha,2018-2019,169,34907,36131,206.55,213.79
658,Brillion,D,7,8,Calumet,2018-2019,174,162781.5,169290,935.53,972.93
665,Bristol #1,D,2,30,Kenosha,2018-2019,179,139946,146509,781.82,818.49
700,Brodhead,D,2,23,Green,2018-2019,169,160664,166767,950.67,986.79
714,Elmbrook,D,1,67,Waukesha,2018-2019,176,1227769.5,1279537.5,6975.96,7270.1
721,Brown Deer,D,1,40,Milwaukee,2018-2019,165,237711,257132,1440.67,1558.38
735,Bruce,D,10,54,Rusk,2018-2019,171,70047,74110,409.63,433.39
777,Burlington Area,D,2,51,Racine,2018-2019,171,496145,529526,2901.43,3096.64
840,Butternut,D,12,2,Ashland,2018-2019,166,31460,33439,189.52,201.44
870,Cadott Community,D,10,9,Chippewa,2018-2019,166,128338.5,135515,773.12,816.36
882,Cambria-Friesland,D,5,11,Columbia,2018-2019,171,56321.5,58636,329.37,342.9
896,Cambridge,D,2,13,Dane,2018-2019,173,150574.5,158281.5,870.37,914.92
903,Cameron,D,11,3,Barron,2018-2019,171,187999.5,196250,1099.41,1147.66
910,Campbellsport,D,6,20,Fond du Lac,2018-2019,175,209788.5,218410.5,1198.79,1248.06
980,Cashton,D,4,41,Monroe,2018-2019,167,94206.5,97826,564.11,585.78
994,Cassville,D,3,22,Grant,2018-2019,179,16795.5,17709,93.83,98.93
1015,Cedarburg,D,1,45,Ozaukee,2018-2019,172,517897.5,544953,3011.03,3168.33
1029,Cedar Grove-Belgium Area,D,7,59,Sheboygan,2018-2019,174,156214,162589,897.78,934.42
1071,Chequamegon,D,12,50,Price,2018-2019,169,123378,129207,730.05,764.54
1080,Chetek-Weyerhaeuser Area,D,11,3,Barron,2018-2019,176,150094.5,158069,852.81,898.12
1085,Chilton,D,7,8,Calumet,2018-2019,172,173534,179894.5,1008.92,1045.9
1092,Chippewa Falls Area Unified,D,10,9,Chippewa,2018-2019,175,864463,907537,4939.79,5185.93
1120,Clayton,D,11,48,Polk,2018-2019,169,51225.5,53745,303.11,318.02
1127,Clear Lake,D,11,48,Polk,2018-2019,174,91272,95368,524.55,548.09
1134,Clinton Community,D,2,53,Rock,2018-2019,177,180980,192595,1022.49,1088.11
1141,Clintonville,D,8,68,Waupaca,2018-2019,170,204133.5,215734,1200.79,1269.02
1155,Cochrane-Fountain City,D,4,6,Buffalo,2018-2019,168,90502,94245,538.7,560.98
1162,Colby,D,10,10,Clark,2018-2019,178,148621.5,155177,834.95,871.78
1169,Coleman,D,8,38,Marinette,2018-2019,168,116085,120723,690.98,718.59
1176,Colfax,D,11,17,Dunn,2018-2019,168,127145.5,133314,756.82,793.54
1183,Columbus,D,5,11,Columbia,2018-2019,178,218125,231144,1225.42,1298.56
1204,Cornell,D,10,9,Chippewa,2018-2019,170,66626.5,67044,391.92,394.38
1218,Crandon,D,8,21,Forest,2018-2019,174,133859,145835,769.3,838.13
1232,Crivitz,D,8,38,Marinette,2018-2019,175,126873,132434,724.99,756.77
1246,Cuba City,D,3,22,Grant,2018-2019,173,112517,117321,650.39,678.16
1253,Cudahy,D,1,40,Milwaukee,2018-2019,174,387521,420128,2227.13,2414.53
1260,Cumberland,D,11,3,Barron,2018-2019,175,163106,170456,932.03,974.03
1295,Darlington Community,D,3,33,Lafayette,2018-2019,174,140008.5,144448,804.65,830.16
1309,Deerfield Community,D,2,13,Dane,2018-2019,174,122716,128904,705.26,740.83
1316,De Forest Area,D,2,13,Dane,2018-2019,172,613280.5,643512,3565.58,3741.35
1376,Kettle Moraine,D,1,67,Waukesha,2018-2019,173,619318.5,650184.5,3579.88,3758.29
1380,Delavan-Darien,D,2,64,Walworth,2018-2019,172,314436.5,336234,1828.12,1954.85
1407,Denmark,D,7,5,Brown,2018-2019,180,263862.5,272519,1465.9,1513.99
1414,De Pere,D,7,5,Brown,2018-2019,175,742534.5,773806,4243.05,4421.75
1421,De Soto Area,D,4,62,Vernon,2018-2019,168,78038.5,81133,464.51,482.93
1428,Dodgeville,D,3,25,Iowa,2018-2019,172,203794,212886,1184.85,1237.71
1449,Dover #1,D,2,51,Racine,2018-2019,168,15001,15666,89.29,93.25
1491,Drummond Area,D,12,4,Bayfield,2018-2019,172,54958,58462.5,319.52,339.9
1499,Durand-Arkansaw,D,11,46,Pepin,2018-2019,163,140497.5,147793.5,861.95,906.71
1526,Northland Pines,D,9,63,Vilas,2018-2019,170,201266,212216.5,1183.92,1248.33
1540,East Troy Community,D,2,64,Walworth,2018-2019,169,262992.5,275324,1556.17,1629.14
1554,Eau Claire Area,D,10,18,Eau Claire,2018-2019,166,1656810.5,1780924.5,9980.79,10728.46
1561,Edgar,D,9,37,Marathon,2018-2019,174,101249,103906,581.89,597.16
1568,Edgerton,D,2,53,Rock,2018-2019,172,294425,307224.5,1711.77,1786.19
1582,Elcho,D,9,34,Langlade,2018-2019,174,43999.5,46912,252.87,269.61
1600,Eleva-Strum,D,10,61,Trempealeau,2018-2019,169,105345.5,110958,623.35,656.56
1631,Elkhart Lake-Glenbeulah,D,7,59,Sheboygan,2018-2019,178,75360,78979,423.37,443.7
1638,Elkhorn Area,D,2,64,Walworth,2018-2019,168,566631,578588,3372.8,3443.98
1645,Elk Mound Area,D,11,17,Dunn,2018-2019,171,188475,197067,1102.19,1152.44
1659,Ellsworth Community,D,11,47,Pierce,2018-2019,164,242732.5,254309.5,1480.08,1550.67
1666,Elmwood,D,11,47,Pierce,2018-2019,171,51371,53676,300.42,313.89
1673,Royall,D,4,29,Juneau,2018-2019,172,80339.5,83257,467.09,484.05
1687,Erin,D,6,66,Washington,2018-2019,169,70508.5,72981,417.21,431.84
1694,Evansville Community,D,2,53,Rock,2018-2019,177,289036,303972,1632.97,1717.36
1729,Fall Creek,D,10,18,Eau Claire,2018-2019,170,134950,141020,793.82,829.53
1736,Fall River,D,5,11,Columbia,2018-2019,177,72151.5,75170,407.64,424.69
1813,Fennimore Community,D,3,22,Grant,2018-2019,166,129163.5,135307,778.09,815.1
1848,Lac du Flambeau #1,D,9,63,Vilas,2018-2019,178,83371,88751,468.38,498.6
1855,Florence County,D,8,19,Florence,2018-2019,179,62972,66020,351.8,368.83
1862,Fond du Lac,D,6,20,Fond du Lac,2018-2019,175,1147726,1222754,6558.43,6987.17
1870,Fontana J8,D,2,64,Walworth,2018-2019,174,33472.5,35873,192.37,206.17
1883,Fort Atkinson,D,2,28,Jefferson,2018-2019,173,484488,507443,2800.51,2933.2
1890,Fox Point J2,D,1,40,Milwaukee,2018-2019,173,132629.5,138774.5,766.64,802.16
1897,Maple Dale-Indian Hill,D,1,40,Milwaukee,2018-2019,178,80089.5,83468,449.94,468.92
1900,Franklin Public,D,1,40,Milwaukee,2018-2019,176,750646,786744.5,4265.03,4470.14
1939,Frederic,D,11,48,Polk,2018-2019,168,66997.5,71155.5,398.79,423.54
1945,Northern Ozaukee,D,1,45,Ozaukee,2018-2019,168,140976.5,145890,839.15,868.39
1953,Freedom Area,D,6,44,Outagamie,2018-2019,170,249487.5,262889,1467.57,1546.41
2009,Galesville-Ettrick-Trempealeau,D,4,61,Trempealeau,2018-2019,173,226233.5,236621,1307.71,1367.75
2016,North Crawford,D,3,12,Crawford,2018-2019,170,69687.5,73854,409.93,434.44
2044,Geneva J4,D,2,64,Walworth,2018-2019,179,29475,31026,164.66,173.33
2051,Genoa City J2,D,2,64,Walworth,2018-2019,168,77085,81238,458.84,483.56
2058,Germantown,D,1,66,Washington,2018-2019,172,634993.5,666746,3691.82,3876.43
2114,Gibraltar Area,D,7,15,Door,2018-2019,169,85017,89439,503.06,529.22
2128,Gillett,D,8,42,Oconto,2018-2019,170,79712.5,84433,468.9,496.66
2135,Gilman,D,10,60,Taylor,2018-2019,173,53845.5,55975,311.25,323.55
2142,Gilmanton,D,10,6,Buffalo,2018-2019,171,24010.5,25131,140.41,146.96
2177,Nicolet UHS,D,1,40,Milwaukee,2018-2019,176,179868.5,188469,1021.98,1070.85
2184,Glendale-River Hills,D,1,40,Milwaukee,2018-2019,176,175608.5,184774,997.78,1049.85
2198,Glenwood City,D,11,55,Saint Croix,2018-2019,167,104365,110450.5,624.94,661.38
2212,Goodman-Armstrong Creek,D,8,38,Marinette,2018-2019,175,18920,20343,108.11,116.25
2217,Grafton,D,1,45,Ozaukee,2018-2019,179,345815,358227,1931.93,2001.27
2226,Granton Area,D,10,10,Clark,2018-2019,171,36333,37759,212.47,220.81
2233,Grantsburg,D,11,7,Burnett,2018-2019,170,260874.5,270508,1534.56,1591.22
2240,Black Hawk,D,3,33,Lafayette,2018-2019,173,65369.5,66873,377.86,386.55
2289,Green Bay Area Public,D,7,5,Brown,2018-2019,173,3170426,3447790,18326.16,19929.42
2296,Greendale,D,1,40,Milwaukee,2018-2019,172,451552,469833.5,2625.3,2731.59
2303,Greenfield,D,1,40,Milwaukee,2018-2019,176,629141,664960.5,3574.66,3778.18
2310,Green Lake,D,6,24,Green Lake,2018-2019,171,48173.5,50868,281.72,297.47
2394,Greenwood,D,10,10,Clark,2018-2019,184,54775.5,57450.5,297.69,312.23
2415,Gresham,D,8,58,Shawano,2018-2019,171,44723.5,47876,261.54,279.98
2420,Hamilton,D,1,67,Waukesha,2018-2019,177,788558,823064.5,4455.13,4650.08
2422,Saint Croix Central,D,11,55,Saint Croix,2018-2019,165,274185.5,286237,1661.73,1734.77
2436,Hartford UHS,D,6,66,Washington,2018-2019,171,214296.5,228274,1253.2,1334.94
2443,Hartford J1,D,6,66,Washington,2018-2019,170,274287,289094,1613.45,1700.55
2450,Arrowhead UHS,D,1,67,Waukesha,2018-2019,175,360282.5,370447,2058.76,2116.84
2460,Hartland-Lakeside J3,D,1,67,Waukesha,2018-2019,176,191484,201530,1087.98,1145.06
2478,Hayward Community,D,12,57,Sawyer,2018-2019,170,330916,350559,1946.56,2062.11
2485,Southwestern Wisconsin,D,3,22,Grant,2018-2019,172,79871,83099,464.37,483.13
2525,Herman-Neosho-Rubicon,D,6,14,Dodge,2018-2019,177,53806.5,55713,303.99,314.76
2527,Highland,D,3,25,Iowa,2018-2019,165,45754.5,47623,277.3,288.62
2534,Hilbert,D,7,8,Calumet,2018-2019,175,76510,79612,437.2,454.93
2541,Hillsboro,D,4,62,Vernon,2018-2019,170,83856,88565,493.27,520.97
2562,Holmen,D,4,32,La Crosse,2018-2019,176,676566,697628,3844.13,3963.8
2570,Holy Hill Area,D,6,66,Washington,2018-2019,173,86776.5,89846,501.6,519.34
2576,Horicon,D,6,14,Dodge,2018-2019,163,103566,108128,635.37,663.36
2583,Hortonville Area,D,6,44,Outagamie,2018-2019,175,633484,660033,3619.91,3771.62
2604,Howard-Suamico,D,7,5,Brown,2018-2019,172,961383,1021291,5589.44,5937.74
2605,Howards Grove,D,7,59,Sheboygan,2018-2019,177,153929,157366,869.66,889.07
2611,Hudson,D,11,55,Saint Croix,2018-2019,172,912542,958863,5305.48,5574.78
2618,Hurley,D,12,26,Iron,2018-2019,172,88584,94391,515.02,548.78
2625,Hustisford,D,6,14,Dodge,2018-2019,175,71536,75004,408.78,428.59
2632,Independence,D,4,61,Trempealeau,2018-2019,166,58550,62048.5,352.71,373.79
2639,Iola-Scandinavia,D,5,68,Waupaca,2018-2019,169,106273.5,109858,628.84,650.05
2646,Iowa-Grant,D,3,25,Iowa,2018-2019,168,113034.5,117012,672.82,696.5
2660,Ithaca,D,3,52,Richland,2018-2019,170,70588.5,75052,415.23,441.48
2695,Janesville,D,2,53,Rock,2018-2019,171,1601868.5,1736334.5,9367.65,10154
2702,Jefferson,D,2,28,Jefferson,2018-2019,171,292409,307537,1709.99,1798.46
2730,Johnson Creek,D,2,28,Jefferson,2018-2019,172,104248,109204,606.09,634.91
2737,Juda,D,2,23,Green,2018-2019,175,47642.5,49710,272.24,284.06
2744,Dodgeland,D,6,14,Dodge,2018-2019,168,119617,127215,712.01,757.23
2758,Kaukauna Area,D,6,44,Outagamie,2018-2019,170,607861,635001,3575.65,3735.3
2793,Kenosha,D,1,30,Kenosha,2018-2019,173,3414519,3674567,19737.1,21240.27
2800,Kewaskum,D,6,66,Washington,2018-2019,169,289900,304609,1715.38,1802.42
2814,Kewaunee,D,7,31,Kewaunee,2018-2019,170,154990.5,162469,911.71,955.7
2828,Kiel Area,D,7,36,Manitowoc,2018-2019,183,212064,221253,1158.82,1209.03
2835,Kimberly Area,D,6,44,Outagamie,2018-2019,175,861154,894136.5,4920.88,5109.35
2842,Kohler,D,7,59,Sheboygan,2018-2019,175,116682.5,120382,666.76,687.9
2849,La Crosse,D,4,32,La Crosse,2018-2019,170,1010947,1076904,5946.75,6334.73
2856,Ladysmith,D,10,54,Rusk,2018-2019,174,122929,131376,706.49,755.03
2863,La Farge,D,4,62,Vernon,2018-2019,165,36813,38775,223.11,235
2884,Lake Geneva-Genoa City UHS,D,2,64,Walworth,2018-2019,171,229200,241402.5,1340.35,1411.71
2885,Lake Geneva J1,D,2,64,Walworth,2018-2019,171,310846.5,327510.5,1817.82,1915.27
2891,Lake Holcombe,D,10,9,Chippewa,2018-2019,168,51035,53847,303.78,320.52
2898,Lake Mills Area,D,2,28,Jefferson,2018-2019,171,250814,260467.5,1466.75,1523.2
2912,Lancaster Community,D,3,22,Grant,2018-2019,173,156354,164554,903.78,951.18
2940,Laona,D,8,21,Forest,2018-2019,168,40391,43214,240.42,257.23
2961,Lena,D,8,42,Oconto,2018-2019,168,63997,66485,380.93,395.74
3087,Linn J4,D,2,64,Walworth,2018-2019,169,18703.5,19670,110.67,116.39
3094,Linn J6,D,2,64,Walworth,2018-2019,179,24024,25243,134.21,141.02
3122,Richmond,D,1,67,Waukesha,2018-2019,171,68427.5,70650,400.16,413.16
3129,Little Chute Area,D,6,44,Outagamie,2018-2019,173,250776.5,264678.5,1449.58,1529.93
3150,Lodi,D,5,11,Columbia,2018-2019,176,237423,246397,1348.99,1399.98
3171,Lomira,D,6,14,Dodge,2018-2019,172,181139.5,189674,1053.14,1102.76
3206,Loyal,D,10,10,Clark,2018-2019,165,78867.5,81916.5,477.98,496.46
3213,Luck,D,11,48,Polk,2018-2019,172,69983.5,73130,406.88,425.17
3220,Luxemburg-Casco,D,7,31,Kewaunee,2018-2019,170,314037.5,325112,1847.28,1912.42
3269,Madison Metropolitan,D,2,13,Dane,2018-2019,179,4230475,4578045.5,23633.94,25575.67
3276,Manawa,D,6,68,Waupaca,2018-2019,172,102194.5,107822,594.15,626.87
3290,Manitowoc,D,7,36,Manitowoc,2018-2019,168,785742.5,847471.5,4677.04,5044.47
3297,Maple,D,12,16,Douglas,2018-2019,178,228062.5,241076,1281.25,1354.36
3304,Marathon City,D,9,37,Marathon,2018-2019,172,114780,120352,667.33,699.72
3311,Marinette,D,8,38,Marinette,2018-2019,170,318043.5,341483,1870.84,2008.72
3318,Marion,D,8,68,Waupaca,2018-2019,170,66651,71472,392.06,420.42
3325,Markesan,D,6,24,Green Lake,2018-2019,172,132099,139176,768.02,809.16
3332,Marshall,D,2,13,Dane,2018-2019,173,154345.5,164770,892.17,952.43
3339,Marshfield Unified,D,5,71,Wood,2018-2019,172,647701,675837,3765.7,3929.28
3360,Mauston,D,5,29,Juneau,2018-2019,172,226180.5,242743,1315,1411.3
3367,Mayville,D,6,14,Dodge,2018-2019,171,188792,199106,1104.05,1164.36
3381,McFarland,D,2,13,Dane,2018-2019,172,784164,802558,4559.09,4666.03
3409,Medford Area Public,D,10,60,Taylor,2018-2019,166,459812,476422,2769.95,2870.01
3427,Mellen,D,12,2,Ashland,2018-2019,180,45938.5,47686,255.21,264.92
3428,Melrose-Mindoro,D,4,27,Jackson,2018-2019,170,118369,124280,696.29,731.06
3430,Menasha Joint,D,6,70,Winnebago,2018-2019,171,534670.5,569443.5,3126.73,3330.08
3434,Menominee Indian,D,8,72,Menominee,2018-2019,175,135524.5,158991,774.43,908.52
3437,Menomonee Falls,D,1,67,Waukesha,2018-2019,173,663228.5,693730,3833.69,4010
3444,Menomonie Area,D,11,17,Dunn,2018-2019,167,530135.5,565938,3174.46,3388.85
3479,Mequon-Thiensville,D,1,45,Ozaukee,2018-2019,171,657204.5,687834,3843.3,4022.42
3484,Mercer,D,12,26,Iron,2018-2019,165,23477.5,24237,142.29,146.89
3500,Merrill Area,D,9,35,Lincoln,2018-2019,171,552959,575821,3233.68,3367.37
3510,Swallow,D,1,67,Waukesha,2018-2019,171,76638.5,79246,448.18,463.43
3514,North Lake,D,1,67,Waukesha,2018-2019,172,54587,56704,317.37,329.67
3528,Merton Community,D,1,67,Waukesha,2018-2019,172,138192,143835.5,803.44,836.25
3542,Stone Bank,D,1,67,Waukesha,2018-2019,172,58040,60420,337.44,351.28
3549,Middleton-Cross Plains Area,D,2,13,Dane,2018-2019,176,1187813.5,1258034,6748.94,7147.92
3612,Milton,D,2,53,Rock,2018-2019,172,534652,562850,3108.44,3272.38
3619,Milwaukee,D,1,40,Milwaukee,2018-2019,172,11347154.5,12994229,65971.83,75547.84
3633,Mineral Point Unified,D,3,25,Iowa,2018-2019,167,121514.5,126001,727.63,754.5
3640,Minocqua J1,D,9,43,Oneida,2018-2019,176,99207.5,104178,563.68,591.92
3647,Lakeland UHS,D,9,43,Oneida,2018-2019,179,112875,122057,630.59,681.88
3654,Northwood,D,12,65,Washburn,2018-2019,172,54462.5,57377,316.64,333.59
3661,Mishicot,D,7,36,Manitowoc,2018-2019,171,134341.5,139805.5,785.62,817.58
3668,Mondovi,D,10,6,Buffalo,2018-2019,166,147792,154041.5,890.31,927.96
3675,Monona Grove,D,2,13,Dane,2018-2019,173,533036.5,563076.5,3081.14,3254.78
3682,Monroe,D,2,23,Green,2018-2019,179,387198.5,406433,2163.12,2270.58
3689,Montello,D,5,39,Marquette,2018-2019,180,105765,112941,587.58,627.45
3696,Monticello,D,2,23,Green,2018-2019,169,56100.5,58469,331.96,345.97
3787,Mosinee,D,9,37,Marathon,2018-2019,171,315786.5,332176,1846.7,1942.55
3794,Mount Horeb Area,D,2,13,Dane,2018-2019,175,402353.5,424169.5,2299.16,2423.83
3822,Mukwonago,D,1,67,Waukesha,2018-2019,174,814559,849978.5,4681.37,4884.93
3850,Riverdale,D,3,22,Grant,2018-2019,171,108846.5,115909,636.53,677.83
3857,Muskego-Norway,D,1,67,Waukesha,2018-2019,175,797792,831863,4558.81,4753.5
3862,Lake Country,D,1,67,Waukesha,2018-2019,171,83624.5,87609,489.03,512.33
3871,Necedah Area,D,5,29,Juneau,2018-2019,169,103903,109098,614.81,645.55
3892,Neenah Joint,D,6,70,Winnebago,2018-2019,171,1029953,1088481.5,6023.12,6365.39
3899,Neillsville,D,10,10,Clark,2018-2019,170,148864,155779,875.67,916.35
3906,Nekoosa,D,5,71,Wood,2018-2019,176,195339,205779,1109.88,1169.2
3920,New Auburn,D,10,9,Chippewa,2018-2019,169,50718.5,53169,300.11,314.61
3925,New Berlin,D,1,67,Waukesha,2018-2019,171,731774.5,757488,4279.38,4429.75
3934,New Glarus,D,2,23,Green,2018-2019,170,155314.5,163240.5,913.61,960.24
3941,New Holstein,D,7,8,Calumet,2018-2019,175,173083,179711,989.05,1026.92
3948,New Lisbon,D,5,29,Juneau,2018-2019,169,100750,107454,596.15,635.82
3955,New London,D,6,68,Waupaca,2018-2019,169,353241.5,375588.5,2090.19,2222.42
3962,New Richmond,D,11,55,Saint Croix,2018-2019,171,554277.5,581544,3241.39,3400.84
3969,Niagara,D,8,38,Marinette,2018-2019,166,65672,69100,395.61,416.27
3976,Norris,D,1,67,Waukesha,2018-2019,179,4852,4948,27.11,27.64
3983,North Fond du Lac,D,6,20,Fond du Lac,2018-2019,174,239445.5,251804,1376.12,1447.15
3990,Norwalk-Ontario-Wilton,D,4,41,Monroe,2018-2019,180,102752,108815,570.84,604.53
4011,Norway J7,D,2,51,Racine,2018-2019,180,17722,18272,98.46,101.51
4018,Oak Creek-Franklin Joint,D,1,40,Milwaukee,2018-2019,173,1041521.5,1099898.5,6020.36,6357.79
4025,Oakfield,D,6,20,Fond du Lac,2018-2019,181,87644,90974,484.22,502.62
4060,Oconomowoc Area,D,1,67,Waukesha,2018-2019,171,846025,892152.5,4947.51,5217.27
4067,Oconto Unified,D,8,42,Oconto,2018-2019,169,165032,173584,976.52,1027.12
4074,Oconto Falls Public,D,8,42,Oconto,2018-2019,171,276313,288859,1615.87,1689.23
4088,Omro,D,6,70,Winnebago,2018-2019,171,187311.5,196281,1095.39,1147.84
4095,Onalaska,D,4,32,La Crosse,2018-2019,176,497168,518904.5,2824.82,2948.32
4137,Oostburg,D,7,59,Sheboygan,2018-2019,176,167665,173839,952.64,987.72
4144,Oregon,D,2,13,Dane,2018-2019,174,680140.5,701938,3908.85,4034.13
4151,Parkview,D,2,53,Rock,2018-2019,170,130597,138250,768.22,813.24
4165,Osceola,D,11,48,Polk,2018-2019,167,258812.5,273085,1549.78,1635.24
4179,Oshkosh Area,D,6,70,Winnebago,2018-2019,176,1601205,1701981.5,9097.76,9670.35
4186,Osseo-Fairchild,D,10,61,Trempealeau,2018-2019,172,131218,137769,762.9,800.98
4207,Owen-Withee,D,10,10,Clark,2018-2019,171,81798.5,82180,478.35,480.58
4221,Palmyra-Eagle Area,D,2,28,Jefferson,2018-2019,168,124064,130690,738.48,777.92
4228,Pardeeville Area,D,5,11,Columbia,2018-2019,168,125878.5,130924.5,749.28,779.31
4235,Paris J1,D,2,30,Kenosha,2018-2019,173,54236.5,54257,313.51,313.62
4263,Beecher-Dunbar-Pembine,D,8,38,Marinette,2018-2019,165,33253.5,35188,201.54,213.26
4270,Pepin Area,D,11,46,Pepin,2018-2019,164,34974,36442,213.26,222.21
4305,Peshtigo,D,8,38,Marinette,2018-2019,167,187774,196676,1124.4,1177.7
4312,Pewaukee,D,1,67,Waukesha,2018-2019,172,494084,515875,2872.58,2999.27
4330,Phelps,D,9,63,Vilas,2018-2019,167,20759,22101,124.31,132.34
4347,Phillips,D,12,50,Price,2018-2019,175,132102,138477,754.87,791.3
4368,Pittsville,D,5,71,Wood,2018-2019,178,92224.5,95720,518.12,537.75
4375,Tri-County Area,D,5,69,Waushara,2018-2019,172,101036,105549,587.42,613.66
4389,Platteville,D,3,22,Grant,2018-2019,177,237398,248859,1341.23,1405.98
4459,Plum City,D,11,47,Pierce,2018-2019,163,44415.5,45805,272.49,281.01
4473,Plymouth Joint,D,7,59,Sheboygan,2018-2019,168,348780.5,366278,2076.07,2180.23
4501,Portage Community,D,5,11,Columbia,2018-2019,179,355651.5,376738.5,1986.88,2104.68
4508,Port Edwards,D,5,71,Wood,2018-2019,173,72164.5,74981,417.14,433.42
4515,Port Washington-Saukville,D,1,45,Ozaukee,2018-2019,179,428184.5,447068,2392.09,2497.59
4522,South Shore,D,12,4,Bayfield,2018-2019,165,26016.5,27612,157.68,167.35
4529,Potosi,D,3,22,Grant,2018-2019,166,56273.5,58901,339,354.83
4536,Poynette,D,5,11,Columbia,2018-2019,171,168472.5,175833,985.22,1028.26
4543,Prairie du Chien Area,D,3,12,Crawford,2018-2019,173,196379.5,202743,1135.14,1171.92
4557,Prairie Farm Public,D,11,3,Barron,2018-2019,169,59603,61741,352.68,365.33
4571,Prentice,D,9,50,Price,2018-2019,178,60599.5,63952,340.45,359.28
4578,Prescott,D,11,47,Pierce,2018-2019,170,204204.5,214415,1201.2,1261.26
4606,Princeton,D,5,24,Green Lake,2018-2019,174,55531,58746,319.14,337.62
4613,Pulaski Community,D,7,5,Brown,2018-2019,169,498724.5,523539,2951.03,3097.86
4620,Racine Unified,D,1,51,Racine,2018-2019,175,2769620.5,3145584.5,15826.4,17974.77
4627,Randall J1,D,2,30,Kenosha,2018-2019,173,123466.5,130553,713.68,754.64
4634,Randolph,D,5,14,Dodge,2018-2019,170,88570.5,93662,521,550.95
4641,Random Lake,D,7,59,Sheboygan,2018-2019,168,116386,120766.5,692.77,718.85
4686,Raymond #14,D,2,51,Racine,2018-2019,176,73473,74085,417.46,420.94
4690,North Cape,D,2,51,Racine,2018-2019,176,33256,34680,188.95,197.05
4753,Reedsburg,D,5,56,Sauk,2018-2019,169,451331.5,484237,2670.6,2865.31
4760,Reedsville,D,7,36,Manitowoc,2018-2019,184,98463.5,101933,535.13,553.98
4781,Rhinelander,D,9,43,Oneida,2018-2019,177,371460.5,388625,2098.65,2195.62
4795,Rib Lake,D,9,60,Taylor,2018-2019,172,74900.5,77992,435.47,453.44
4802,Rice Lake Area,D,11,3,Barron,2018-2019,180,355820.5,377035.5,1976.78,2094.64
4851,Richland,D,3,52,Richland,2018-2019,164,212407.5,223977,1295.17,1365.71
4865,Rio Community,D,5,11,Columbia,2018-2019,170,62320.5,66100,366.59,388.82
4872,Ripon Area,D,6,20,Fond du Lac,2018-2019,174,254326,266650,1461.64,1532.47
4893,River Falls,D,11,47,Pierce,2018-2019,171,550782.5,575958,3220.95,3368.18
4904,River Ridge,D,3,22,Grant,2018-2019,169,87108,91428,515.43,540.99
4956,Rosendale-Brandon,D,6,20,Fond du Lac,2018-2019,179,172784,180511,965.27,1008.44
4963,Rosholt,D,5,49,Portage,2018-2019,169,79846.5,83588,472.46,494.6
4970,D C Everest Area,D,9,37,Marathon,2018-2019,169,931546,978773.5,5512.11,5791.56
5019,Saint Croix Falls,D,11,48,Polk,2018-2019,168,167395.5,176177,996.4,1048.67
5026,Saint Francis,D,1,40,Milwaukee,2018-2019,177,183786,197269,1038.34,1114.51
5054,Central/Westosha UHS,D,2,30,Kenosha,2018-2019,174,179596,190454,1032.16,1094.56
5068,Salem,D,2,30,Kenosha,2018-2019,172,148465,155400,863.17,903.49
5100,Sauk Prairie,D,5,56,Sauk,2018-2019,170,454298.5,478995,2672.34,2817.62
5124,Seneca Area,D,3,12,Crawford,2018-2019,179,46997.5,49276,262.56,275.28
5130,Sevastopol,D,7,15,Door,2018-2019,175,99075.5,104938,566.15,599.65
5138,Seymour Community,D,7,44,Outagamie,2018-2019,178,355687,374487,1998.24,2103.86
5258,Sharon J11,D,2,64,Walworth,2018-2019,173,43078,45353,249.01,262.16
5264,Shawano,D,8,58,Shawano,2018-2019,168,407177.5,430734,2423.68,2563.89
5271,Sheboygan Area,D,7,59,Sheboygan,2018-2019,175,1634132,1747381,9337.9,9985.03
5278,Sheboygan Falls,D,7,59,Sheboygan,2018-2019,175,282677.5,295349,1615.3,1687.71
5306,Shell Lake,D,11,65,Washburn,2018-2019,178,115194.5,120298,647.16,675.83
5348,Shiocton,D,6,44,Outagamie,2018-2019,174,116341.5,121702,668.63,699.44
5355,Shorewood,D,1,40,Milwaukee,2018-2019,173,330867,350549,1912.53,2026.29
5362,Shullsburg,D,3,33,Lafayette,2018-2019,168,59669,63004,355.17,375.02
5369,Silver Lake J1,D,2,30,Kenosha,2018-2019,173,79692.5,82796,460.65,478.59
5376,Siren,D,11,7,Burnett,2018-2019,169,71703,77594.5,424.28,459.14
5390,Slinger,D,6,66,Washington,2018-2019,174,562353,583410,3231.91,3352.93
5397,Solon Springs,D,12,16,Douglas,2018-2019,174,45013.5,47340,258.7,272.07
5432,Somerset,D,11,55,Saint Croix,2018-2019,171,237954.5,247178,1391.55,1445.49
5439,South Milwaukee,D,1,40,Milwaukee,2018-2019,173,484360,520203.5,2799.77,3006.96
5457,Southern Door County,D,7,15,Door,2018-2019,177,161279,168894.5,911.18,954.21
5460,Sparta Area,D,4,41,Monroe,2018-2019,168,475707.5,498824.5,2831.59,2969.19
5467,Spencer,D,10,37,Marathon,2018-2019,178,110321,114923,619.78,645.63
5474,Spooner Area,D,11,65,Washburn,2018-2019,170,183783,192524,1081.08,1132.49
5523,River Valley,D,3,56,Sauk,2018-2019,177,190178.5,202858,1074.45,1146.09
5586,Spring Valley,D,11,47,Pierce,2018-2019,169,123480,129110,730.65,763.96
5593,Stanley-Boyd Area,D,10,9,Chippewa,2018-2019,176,201063,207743,1142.4,1180.36
5607,Stevens Point Area Public,D,5,49,Portage,2018-2019,172,1117851.5,1187469,6499.14,6903.89
5614,Stockbridge,D,7,8,Calumet,2018-2019,174,33235.5,34718,191.01,199.53
5621,Stoughton Area,D,2,13,Dane,2018-2019,171,467900,491815.5,2736.26,2876.11
5628,Stratford,D,9,37,Marathon,2018-2019,175,139153,145089,795.16,829.08
5642,Sturgeon Bay,D,7,15,Door,2018-2019,174,185311.5,195177,1065.01,1121.71
5656,Sun Prairie Area,D,2,13,Dane,2018-2019,180,1320680.5,1414663,7337.11,7859.24
5663,Superior,D,12,16,Douglas,2018-2019,170,728477.5,764225.5,4285.16,4495.44
5670,Suring Public,D,8,42,Oconto,2018-2019,170,35100.5,37056,206.47,217.98
5726,Thorp,D,10,10,Clark,2018-2019,168,94216.5,98178,560.81,584.39
5733,Three Lakes,D,9,43,Oneida,2018-2019,168,83044.5,87870,494.31,523.04
5740,Tigerton,D,8,58,Shawano,2018-2019,166,39217.5,40953,236.25,246.7
5747,Tomah Area,D,4,41,Monroe,2018-2019,168,506675,511335,3015.92,3043.66
5754,Tomahawk,D,9,35,Lincoln,2018-2019,168,188831,195595,1123.99,1164.26
5757,Flambeau,D,10,54,Rusk,2018-2019,175,93897.5,99639,536.56,569.37
5780,Trevor-Wilmot Consolidated,D,2,30,Kenosha,2018-2019,175,96191,100757.5,549.66,575.76
5810,Turtle Lake,D,11,3,Barron,2018-2019,167,72438.5,75154,433.76,450.02
5817,Twin Lakes #4,D,2,30,Kenosha,2018-2019,169,49393.5,52661.5,292.27,311.61
5824,Two Rivers Public,D,7,36,Manitowoc,2018-2019,167,285816.5,303378,1711.48,1816.63
5852,Union Grove UHS,D,2,51,Racine,2018-2019,171,158377,165404,926.18,967.27
5859,Union Grove J1,D,2,51,Racine,2018-2019,168,78547.5,81969,467.54,487.91
5866,Valders Area,D,7,36,Manitowoc,2018-2019,173,156595.5,162852,905.18,941.34
5901,Verona Area,D,2,13,Dane,2018-2019,180,932739.5,982706,5181.89,5459.48
5960,Kickapoo Area,D,3,62,Vernon,2018-2019,174,80294,85067.5,461.46,488.89
5985,Viroqua Area,D,4,62,Vernon,2018-2019,170,184438.5,193985,1084.93,1141.09
5992,Wabeno Area,D,8,21,Forest,2018-2019,167,57893.5,62346,346.67,373.33
6013,Big Foot UHS,D,2,64,Walworth,2018-2019,172,78191,82871,454.6,481.81
6022,Walworth J1,D,2,64,Walworth,2018-2019,173,73975.5,77744,427.6,449.39
6027,Washburn,D,12,4,Bayfield,2018-2019,176,90225.5,96091,512.64,545.97
6069,Washington,D,7,15,Door,2018-2019,177,12108,12864,68.41,72.68
6083,Waterford UHS,D,2,51,Racine,2018-2019,175,184602,184602,1054.87,1054.87
6104,Washington-Caldwell,D,2,51,Racine,2018-2019,170,28990.5,30422,170.53,178.95
6113,Waterford Graded J1,D,2,51,Racine,2018-2019,171,250453,262008,1464.64,1532.21
6118,Waterloo,D,2,28,Jefferson,2018-2019,175,124899,131774,713.71,752.99
6125,Watertown Unified,D,2,28,Jefferson,2018-2019,170,560319,590279.5,3295.99,3472.23
6174,Waukesha,D,1,67,Waukesha,2018-2019,175,2038723,2145275.5,11649.85,12258.72
6181,Waunakee Community,D,2,13,Dane,2018-2019,174,706759.5,737949.5,4061.84,4241.09
6195,Waupaca,D,5,68,Waupaca,2018-2019,175,339339.5,360421,1939.08,2059.55
6216,Waupun,D,6,20,Fond du Lac,2018-2019,169,304588,321715,1802.3,1903.64
6223,Wausau,D,9,37,Marathon,2018-2019,171,1288868.5,1363381,7537.24,7972.99
6230,Wausaukee,D,8,38,Marinette,2018-2019,169,66508.5,69969,393.54,414.02
6237,Wautoma Area,D,5,69,Waushara,2018-2019,170,208140.5,219599.5,1224.36,1291.76
6244,Wauwatosa,D,1,40,Milwaukee,2018-2019,177,1171634,1236084,6619.4,6983.53
6251,Wauzeka-Steuben,D,3,12,Crawford,2018-2019,167,42994,44956,257.45,269.2
6293,Webster,D,11,7,Burnett,2018-2019,173,110202.5,118946.5,637.01,687.55
6300,West Allis-West Milwaukee,D,1,40,Milwaukee,2018-2019,170,1290515.5,1396678,7591.27,8215.75
6307,West Bend,D,6,66,Washington,2018-2019,177,1079251.5,1129129,6097.47,6379.26
6321,Westby Area,D,4,62,Vernon,2018-2019,170,177984.5,186473,1046.97,1096.9
6328,West De Pere,D,7,5,Brown,2018-2019,175,580978.5,604915,3319.88,3456.66
6335,Westfield,D,5,39,Marquette,2018-2019,167,162205.5,171138,971.29,1024.78
6354,Weston,D,3,56,Sauk,2018-2019,167,51520.5,53947,308.51,323.04
6370,West Salem,D,4,32,La Crosse,2018-2019,174,296618.5,309439,1704.7,1778.39
6384,Weyauwega-Fremont,D,6,68,Waupaca,2018-2019,180,134323.5,140927,746.24,782.93
6412,Wheatland J1,D,2,30,Kenosha,2018-2019,171,88459,93565,517.3,547.16
6419,Whitefish Bay,D,1,40,Milwaukee,2018-2019,175,505893.5,525935,2890.82,3005.34
6426,Whitehall,D,4,61,Trempealeau,2018-2019,180,120998.5,127567,672.21,708.71
6440,White Lake,D,8,34,Langlade,2018-2019,167,23444,24919,140.38,149.22
6461,Whitewater Unified,D,2,64,Walworth,2018-2019,171,314673,334098,1840.19,1953.79
6470,Whitnall,D,1,40,Milwaukee,2018-2019,177,404916.5,427007,2287.66,2412.47
6475,Wild Rose,D,5,69,Waushara,2018-2019,174,95677,100629,549.87,578.33
6482,Williams Bay,D,2,64,Walworth,2018-2019,167,113117,119386.5,677.35,714.89
6545,Wilmot UHS,D,2,30,Kenosha,2018-2019,173,174554.5,185583,1008.99,1072.73
6608,Winneconne Community,D,6,70,Winnebago,2018-2019,177,281314.5,293330,1589.35,1657.23
6615,Winter,D,12,57,Sawyer,2018-2019,171,40150.5,42954,234.8,251.19
6678,Wisconsin Dells,D,5,56,Sauk,2018-2019,171,277706,297883,1624.01,1742.01
6685,Wisconsin Rapids,D,5,71,Wood,2018-2019,170,809349.5,857381.5,4760.88,5043.42
6692,Wittenberg-Birnamwood,D,8,58,Shawano,2018-2019,178,198269.5,207976,1113.87,1168.4
6713,Wonewoc-Union Center,D,4,29,Juneau,2018-2019,172,52868.5,55094,307.38,320.31
6720,Woodruff J1,D,9,63,Vilas,2018-2019,169,91752,96392,542.91,570.37
6734,Wrightstown Community,D,7,5,Brown,2018-2019,177,237027.5,246690,1339.14,1393.73
6748,Yorkville J2,D,2,51,Racine,2018-2019,171,72055.5,74439,421.38,435.32
