OBJECTID,DISTRICT,explServcsOfer,explNoServcsOfer,OSS,CESA,COUNTY_CODE,COUNTY_NAME,ATHLETIC_CONFERENCE_CODE,ATHLETIC_CONFERENCE_NAME,DISTRICT_CODE,Possible Days of Attendance,ADA,ADM,STUDENT_COUNT,SDID,LEAID,TYPE,SHAPE_Length,SHAPE_Area
1,Abbotsford,no data,no data,15,10,10,Clark,125,Marawood - North,7,130528.5,734.56,758.89,764,7,5500030,Unified,82835.51695,111443225
2,Adams-Friendship Area,no data,no data,208,5,1,Adams,39,South Central,14,256353,1397.74,1516.88,1494,14,5500060,Unified,186978.1386,1260650755
3,Albany,no data,no data,14,2,23,Green,38,Six Rivers,63,59038,320.77,337.36,339,63,5500120,Unified,120857.6098,174110087.6
4,Algoma,no data,no data,2,7,31,Kewaunee,33,Packerland,70,123269,695.18,729.4,706,70,5500150,Unified,64837.37994,177046816.1
5,Alma,no data,no data,no data,4,6,Buffalo,11,Dairyland,84,40649,239.48,250.92,246,84,5500180,Unified,263565.3791,354134415.3
6,Alma Center,no data,4,31,4,27,Jackson,11,Dairyland,91,101042,560.66,587.45,607,91,5500210,Unified,116822.503,345581869.8
7,Almond-Bancroft,no data,no data,11,5,49,Portage,155,Central Wisconsin - 10,105,62801,344.19,363.01,398,105,5500240,Unified,141870.6049,280586936.4
8,Altoona,no data,no data,78,10,18,Eau Claire,121,Cloverbelt - West,112,266380.5,1528.02,1595.09,1599,112,5500270,Unified,57844.79286,33742479.43
9,Amery,no data,no data,96,11,48,Polk,26,Middle Border,119,279262,1523.01,1614.23,1554,119,5500300,Unified,193451.6406,421217805.3
10,Antigo Unified,1,no data,182,9,34,Langlade,124,Great Northern,140,358156.5,1990.89,2131.88,2262,140,5500360,Unified,237860.0012,1405135854
11,Appleton Area,no data,no data,670,6,44,Outagamie,16,Fox Valley Association,147,2804647,15528.46,16306.09,16291,147,5500390,Unified,58145.64537,115554144.3
12,Arcadia,no data,no data,20,4,61,Trempealeau,10,Coulee,154,210269.5,1133.2,1194.71,1302,154,5500420,Unified,238821.9185,553106755.2
13,Argyle,no data,no data,5,3,33,Lafayette,38,Six Rivers,161,46234,263.4,275.2,292,161,5500450,Unified,151838.5344,215612284.5
369,Arrowhead UHS,no data,no data,46,1,67,Waukesha,8,Classic Eight,2450,370447,2058.76,2116.84,2139,2450,5506180,Secondary,73289.86556,174846508.6
14,Ashland,no data,no data,194,12,2,Ashland,29,No WI Affiliation,170,368530,1943.66,2093.92,2093,170,5500510,Unified,237814.6419,1058805968
15,Ashwaubenon,no data,no data,142,7,5,Brown,54,Fox River Classic,182,564618,3072.29,3226.39,3313,182,5500540,Unified,34391.14236,26220010.88
16,Athens,no data,no data,2,9,37,Marathon,125,Marawood - North,196,67595,387.61,402.35,415,196,5500570,Unified,99323.44385,332125377.7
17,Auburndale,no data,no data,27,5,71,Wood,126,Marawood - South,203,131324.5,755.81,781.69,818,203,5500600,Unified,141287.352,390506689
18,Augusta,1,2,53,10,18,Eau Claire,11,Dairyland,217,103016,586.49,616.86,624,217,5500630,Unified,147308.8162,428670207.1
19,Baldwin-Woodville Area,no data,no data,11,11,55,Saint Croix,26,Middle Border,231,307115,1692.37,1765.03,1745,231,5500720,Unified,161819.6264,299562816.5
20,Bangor,no data,no data,10,4,32,La Crosse,37,Scenic Bluffs,245,96303,545.22,566.49,588,245,5500780,Unified,126052.4634,245471066.6
21,Baraboo,no data,no data,284,5,56,Sauk,114,Badger - North,280,500330.5,2735.17,2925.91,2972,280,5500810,Unified,125951.9779,409312782.3
22,Barneveld,no data,no data,2,3,25,Iowa,38,Six Rivers,287,72988,420.66,434.45,438,287,5500840,Unified,71254.50874,173869181.2
23,Barron Area,no data,no data,46,11,3,Barron,18,Heart O'North,308,207675.5,1129.08,1193.54,1241,308,5500870,Unified,232598.0895,468660421.7
24,Bayfield,no data,1,19,12,4,Bayfield,20,Indianhead,315,61528,326.46,357.72,365,315,5500900,Unified,367949.3132,561428472
25,Beaver Dam Unified,2,5,281,6,14,Dodge,45,Wisconsin Little Ten,336,583249,3254.92,3451.18,3508,336,5500960,Unified,134296.1966,302378576.4
26,Beecher-Dunbar-Pembine,no data,no data,43,8,38,Marinette,31,Northern Lakes,4263,35188,201.54,213.26,233,4263,5511550,Unified,115405.4815,574737446.6
27,Belleville,no data,no data,11,2,13,Dane,117,Capitol - South,350,153075,869.24,911.16,887,350,5500990,Unified,115968.0946,185413721.1
28,Belmont Community,no data,2,3,3,33,Lafayette,38,Six Rivers,364,64075,339.41,357.96,384,364,5501020,Unified,117438.1098,262435603
29,Beloit,25,5,2163,2,53,Rock,3,Big Eight,413,1110818,5792.19,6420.91,6474,413,5501050,Unified,64858.64666,45430337.99
30,Beloit Turner,1,no data,65,2,53,Rock,36,Rock Valley,422,268468,1501.74,1579.22,1566,422,5501080,Unified,90380.02414,77994860.93
31,Benton,no data,no data,3,3,33,Lafayette,38,Six Rivers,427,33142,188.67,197.27,200,427,5501110,Unified,132751.9243,84021592.53
32,Berlin Area,2,no data,128,6,24,Green Lake,52,East Central,434,272536,1448.68,1531.1,1644,434,5501140,Unified,196445.3945,534154745.8
370,Big Foot UHS,1,no data,16,2,64,Walworth,36,Rock Valley,6013,82871,454.6,481.81,489,6013,5515480,Secondary,97396.5686,197128017.3
33,Birchwood,1,no data,5,11,65,Washburn,261,Lakeland - East,441,49068,272.53,288.64,292,441,5501170,Unified,170667.9948,599711308.9
34,Black Hawk,no data,no data,1,3,33,Lafayette,38,Six Rivers,2240,66873,377.86,386.55,383,2240,5505730,Unified,201922.5966,346124646.9
35,Black River Falls,no data,no data,20,4,27,Jackson,10,Coulee,476,287619,1457.6,1580.32,1742,476,5501260,Unified,266943.9135,1207667868
36,Blair-Taylor,no data,no data,8,4,61,Trempealeau,11,Dairyland,485,101619,577.28,604.88,614,485,5500016,Unified,188618.6918,456207903.4
37,Bloomer,no data,no data,50,10,9,Chippewa,18,Heart O'North,497,206264,1176.01,1235.11,1279,497,5501350,Unified,161788.2086,437062132.6
38,Bonduel,no data,no data,16,8,58,Shawano,156,Central Wisconsin - 8,602,129840,710.86,746.21,737,602,5501470,Unified,155494.4494,385285782
39,Boscobel Area,no data,no data,18,3,22,Grant,131,Southwest Wisconsin Activities League,609,126250,676.97,705.31,796,609,5501500,Unified,240288.8695,452594552.7
40,Bowler,no data,no data,11,8,58,Shawano,155,Central Wisconsin - 10,623,56502,294.6,315.65,331,623,5501560,Unified,89284.33427,324766354.7
41,Boyceville Community,no data,no data,3,11,17,Dunn,122,Dunn-St. Croix - Large,637,114648,620.9,651.41,712,637,5501590,Unified,244016.6995,419325615.3
379,Brighton #1,no data,no data,16,2,30,Kenosha,41,Southern Lakes,657,36131,206.55,213.79,226,657,5501650,Elementary,42882.82858,87303104.29
42,Brillion,no data,no data,5,7,8,Calumet,14,Eastern Wisconsin,658,169290,935.53,972.93,978,658,5501680,Unified,131737.0053,164517756.7
380,Bristol #1,no data,no data,1,2,30,Kenosha,41,Southern Lakes,665,146509,781.82,818.49,851,665,5501710,Elementary,39905.87569,84553930.44
43,Brodhead,no data,no data,23,2,23,Green,36,Rock Valley,700,166767,950.67,986.79,1018,700,5501740,Unified,154080.3797,257084048.1
44,Brown Deer,no data,no data,240,1,40,Milwaukee,47,Woodland,721,257132,1440.67,1558.38,1521,721,5501800,Unified,17600.97436,11531019.11
45,Bruce,no data,no data,19,10,54,Rusk,261,Lakeland - East,735,74110,409.63,433.39,441,735,5501830,Unified,192332.2476,700501655.5
46,Burlington Area,1,no data,80,2,51,Racine,41,Southern Lakes,777,529526,2901.43,3096.64,3145,777,5501890,Unified,104184.3086,257941884.9
47,Butternut,no data,no data,6,12,2,Ashland,20,Indianhead,840,33439,189.52,201.44,206,840,5501920,Unified,144166.5906,604352536.5
48,Cadott Community,no data,2,110,10,9,Chippewa,121,Cloverbelt - West,870,135515,773.12,816.36,830,870,5502040,Unified,143711.9579,394306855.2
49,Cambria-Friesland,no data,no data,13,5,11,Columbia,43,Trailways,882,58636,329.37,342.9,371,882,5502070,Unified,150076.7633,216614550
50,Cambridge,no data,no data,13,2,13,Dane,117,Capitol - South,896,158281.5,870.37,914.92,908,896,5502100,Unified,120603.3861,167523548.8
51,Cameron,no data,no data,8,11,3,Barron,260,Lakeland - Central,903,196250,1099.41,1147.66,1149,903,5502130,Unified,113140.1871,181190684.3
52,Campbellsport,no data,3,40,6,20,Fond du Lac,52,East Central,910,218410.5,1198.79,1248.06,1335,910,5502160,Unified,162584.9625,463688733
53,Cashton,no data,no data,8,4,41,Monroe,37,Scenic Bluffs,980,97826,564.11,585.78,610,980,5502340,Unified,206321.9221,303405144.7
54,Cassville,no data,no data,no data,3,22,Grant,38,Six Rivers,994,17709,93.83,98.93,195,994,5502400,Unified,199674.1123,234054683.5
55,Cedar Grove-Belgium Area,no data,no data,4,7,59,Sheboygan,300,Big East,1029,162589,897.78,934.42,986,1029,5502430,Unified,72271.8708,98225642.23
56,Cedarburg,no data,no data,38,1,45,Ozaukee,30,North Shore,1015,544953,3011.03,3168.33,3122,1015,5502460,Unified,51380.06946,90305059.04
371,Central/Westosha UHS,no data,no data,137,2,30,Kenosha,41,Southern Lakes,5054,190454,1032.16,1094.56,1126,5054,5513290,Secondary,109266.3951,363038991.7
57,Chequamegon,no data,1,53,12,50,Price,125,Marawood - North,1071,129207,730.05,764.54,768,1071,5500058,Unified,305755.1497,1909418668
58,Chetek-Weyerhaeuser Area,no data,2,32,11,3,Barron,18,Heart O'North,1080,158069,852.81,898.12,989,1080,5500061,Unified,225614.9637,659847253.9
59,Chilton,no data,no data,26,7,8,Calumet,14,Eastern Wisconsin,1085,179894.5,1008.92,1045.9,1114,1085,5502520,Unified,164254.5599,267457620.6
60,Chippewa Falls Area Unified,3,2,378,10,9,Chippewa,4,Big Rivers,1092,907537,4939.79,5185.93,5052,1092,5502550,Unified,167176.8268,584110227.4
61,Clayton,no data,no data,6,11,48,Polk,260,Lakeland - Central,1120,53745,303.11,318.02,344,1120,5502580,Unified,97791.82788,149208823.3
62,Clear Lake,no data,no data,8,11,48,Polk,260,Lakeland - Central,1127,95368,524.55,548.09,597,1127,5502610,Unified,124170.7183,279044264
63,Clinton Community,no data,3,31,2,53,Rock,36,Rock Valley,1134,192595,1022.49,1088.11,1140,1134,5502640,Unified,113130.7156,288910054.8
64,Clintonville,no data,1,118,8,68,Waupaca,301,North Eastern,1141,215734,1200.79,1269.02,1253,1141,5502670,Unified,147890.4992,425088890.5
65,Cochrane-Fountain City,no data,no data,13,4,6,Buffalo,11,Dairyland,1155,94245,538.7,560.98,620,1155,5502700,Unified,230362.548,415801278.6
66,Colby,no data,no data,20,10,10,Clark,120,Cloverbelt - East,1162,155177,834.95,871.78,912,1162,5502730,Unified,162984.9125,423214897.3
67,Coleman,no data,no data,7,8,38,Marinette,25,Marinette-Oconto,1169,120723,690.98,718.59,729,1169,5502760,Unified,155319.5048,496427564.6
68,Colfax,no data,no data,46,11,17,Dunn,122,Dunn-St. Croix - Large,1176,133314,756.82,793.54,800,1176,5502790,Unified,188137.4611,475275545
69,Columbus,no data,no data,66,5,11,Columbia,116,Capitol - North,1183,231144,1225.42,1298.56,1307,1183,5502820,Unified,158893.2832,343919195.8
70,Cornell,no data,no data,27,10,9,Chippewa,261,Lakeland - East,1204,67044,391.92,394.38,406,1204,5502880,Unified,99518.00925,261592706.8
71,Crandon,no data,no data,145,8,21,Forest,31,Northern Lakes,1218,145835,769.3,838.13,857,1218,5502910,Unified,240796.7268,1371485280
72,Crivitz,no data,no data,25,8,38,Marinette,25,Marinette-Oconto,1232,132434,724.99,756.77,791,1232,5502970,Unified,158843.1183,738866971.3
73,Cuba City,no data,no data,9,3,22,Grant,131,Southwest Wisconsin Activities League,1246,117321,650.39,678.16,679,1246,5503030,Unified,202581.807,203495757.2
74,Cudahy,no data,2,259,1,40,Milwaukee,47,Woodland,1253,420128,2227.13,2414.53,2326,1253,5503060,Unified,14739.88931,12374637.84
75,Cumberland,3,no data,7,11,3,Barron,18,Heart O'North,1260,170456,932.03,974.03,998,1260,5503090,Unified,142533.9719,483095313.8
76,D C Everest Area,1,no data,375,9,37,Marathon,46,Wisconsin Valley,4970,978773.5,5512.11,5791.56,6004,4970,5513170,Unified,111739.3812,418585999.4
77,Darlington Community,no data,no data,1,3,33,Lafayette,131,Southwest Wisconsin Activities League,1295,144448,804.65,830.16,839,1295,5503150,Unified,239149.7513,413850066.1
78,De Forest Area,no data,no data,151,2,13,Dane,114,Badger - North,1316,643512,3565.58,3741.35,3828,1316,5503180,Unified,114636.9103,231541878.1
79,De Pere,1,no data,162,7,5,Brown,54,Fox River Classic,1414,773806,4243.05,4421.75,4518,1414,5503210,Unified,96823.86075,164374340.6
80,De Soto Area,no data,no data,17,4,62,Vernon,35,Ridge & Valley,1421,81133,464.51,482.93,496,1421,5503240,Unified,176385.8372,397317691.3
81,Deerfield Community,1,2,20,2,13,Dane,43,Trailways,1309,128904,705.26,740.83,757,1309,5503270,Unified,112835.6579,106867744.1
82,Delavan-Darien,6,9,255,2,64,Walworth,41,Southern Lakes,1380,336234,1828.12,1954.85,2020,1380,5503640,Unified,111867.647,255411677.8
83,Denmark,no data,no data,38,7,5,Brown,301,North Eastern,1407,272519,1465.9,1513.99,1560,1407,5503660,Unified,124357.6747,364889710.2
84,Dodgeland,no data,no data,34,6,14,Dodge,43,Trailways,2744,127215,712.01,757.23,787,2744,5507260,Unified,166290.2813,220458228.8
85,Dodgeville,no data,no data,98,3,25,Iowa,42,Southwest Wisconsin,1428,212886,1184.85,1237.71,1227,1428,5503690,Unified,233146.0841,486127517.8
381,Dover #1,no data,no data,no data,2,51,Racine,41,Southern Lakes,1449,15666,89.29,93.25,92,1449,5503750,Elementary,26275.75776,29233817.17
86,Drummond Area,no data,no data,8,12,4,Bayfield,20,Indianhead,1491,58462.5,319.52,339.9,353,1491,5503810,Unified,196772.0584,1749271941
87,Durand-Arkansaw,1,1,12,11,46,Pepin,122,Dunn-St. Croix - Large,1499,147793.5,861.95,906.71,959,1499,5503840,Unified,396999.4376,763322415.5
88,East Troy Community,no data,no data,56,2,64,Walworth,36,Rock Valley,1540,275324,1556.17,1629.14,1646,1540,5504020,Unified,85742.23462,239408256.3
89,Eau Claire Area,no data,no data,428,10,18,Eau Claire,4,Big Rivers,1554,1780924.5,9980.79,10728.46,11355,1554,5504050,Unified,272693.771,509493592.4
90,Edgar,no data,no data,1,9,37,Marathon,125,Marawood - North,1561,103906,581.89,597.16,597,1561,5504080,Unified,115090.9189,210794945
91,Edgerton,2,no data,94,2,53,Rock,36,Rock Valley,1568,307224.5,1711.77,1786.19,1879,1568,5504110,Unified,95481.11387,237565079.8
92,Elcho,no data,no data,30,9,34,Langlade,31,Northern Lakes,1582,46912,252.87,269.61,273,1582,5504170,Unified,150790.1885,835269090
93,Eleva-Strum,no data,no data,no data,10,61,Trempealeau,11,Dairyland,1600,110958,623.35,656.56,632,1600,5504200,Unified,142690.1196,324702638.2
94,Elk Mound Area,no data,no data,58,11,17,Dunn,122,Dunn-St. Croix - Large,1645,197067,1102.19,1152.44,1202,1645,5504230,Unified,129689.9341,229466971.5
95,Elkhart Lake-Glenbeulah,no data,no data,1,7,59,Sheboygan,300,Big East,1631,78979,423.37,443.7,439,1631,5504260,Unified,158781.3255,140764620.3
96,Elkhorn Area,no data,no data,94,2,64,Walworth,41,Southern Lakes,1638,578588,3372.8,3443.98,3469,1638,5504290,Unified,119068.7925,227718521.2
97,Ellsworth Community,no data,no data,31,11,47,Pierce,26,Middle Border,1659,254309.5,1480.08,1550.67,1662,1659,5504320,Unified,155791.5502,596654684.6
98,Elmbrook,no data,2,86,1,67,Waukesha,17,Greater Metro,714,1279537.5,6975.96,7270.1,7334,714,5501770,Unified,44548.41616,85108515.84
99,Elmwood,no data,no data,no data,11,47,Pierce,123,Dunn-St. Croix - Small,1666,53676,300.42,313.89,312,1666,5504350,Unified,137557.0248,253308797.5
382,Erin,no data,no data,no data,6,66,Washington,45,Wisconsin Little Ten,1687,72981,417.21,431.84,421,1687,5504410,Elementary,44726.01714,62367630.38
100,Evansville Community,no data,no data,66,2,53,Rock,36,Rock Valley,1694,303972,1632.97,1717.36,1800,1694,5504440,Unified,146379.6412,270449715.8
101,Fall Creek,no data,no data,10,10,18,Eau Claire,121,Cloverbelt - West,1729,141020,793.82,829.53,852,1729,5504500,Unified,145855.3646,276178165
102,Fall River,no data,no data,5,5,11,Columbia,43,Trailways,1736,75170,407.64,424.69,453,1736,5504530,Unified,113422.0314,125629619.4
103,Fennimore Community,no data,no data,6,3,22,Grant,131,Southwest Wisconsin Activities League,1813,135307,778.09,815.1,798,1813,5504590,Unified,202707.1689,378085138
104,Flambeau,no data,no data,25,10,54,Rusk,261,Lakeland - East,5757,99639,536.56,569.37,578,5757,5514970,Unified,189991.3643,1041595213
105,Florence,no data,no data,4,8,19,Florence,31,Northern Lakes,1855,66020,351.8,368.83,389,1855,5504650,Unified,184940.3874,1287495719
106,Fond Du Lac,8,2,188,6,20,Fond du Lac,16,Fox Valley Association,1862,1222754,6558.43,6987.17,7100,1862,5504680,Unified,117874.772,207897967.9
383,Fontana J8,no data,no data,no data,2,64,Walworth,36,Rock Valley,1870,35873,192.37,206.17,214,1870,5504720,Elementary,38525.73755,32028485.74
107,Fort Atkinson,no data,no data,16,2,28,Jefferson,115,Badger - South,1883,507443,2800.51,2933.2,2843,1883,5504740,Unified,138802.2073,281143377.5
384,Fox Point J2,no data,no data,8,1,40,Milwaukee,30,North Shore,1890,138774.5,766.64,802.16,793,1890,5504800,Elementary,19324.42681,9760570.791
108,Franklin Public,no data,no data,121,1,40,Milwaukee,40,Southeast,1900,786744.5,4265.03,4470.14,4599,1900,5504830,Unified,46244.17237,75078209.28
109,Frederic,3,no data,40,11,48,Polk,262,Lakeland - West,1939,71155.5,398.79,423.54,438,1939,5504860,Unified,117333.1698,394289654.9
110,Freedom Area,no data,no data,3,6,44,Outagamie,301,North Eastern,1953,262889,1467.57,1546.41,1607,1953,5504920,Unified,80571.79254,195839281.7
111,Galesville-Ettrick-Trempealeau,no data,no data,12,4,61,Trempealeau,10,Coulee,2009,236621,1307.71,1367.75,1397,2009,5504960,Unified,145785.9178,466665544.1
385,Geneva J4,no data,no data,1,2,64,Walworth,41,Southern Lakes,2044,31026,164.66,173.33,201,2044,5505100,Elementary,20195.55845,15889732.14
386,Genoa City J2,no data,no data,19,2,64,Walworth,41,Southern Lakes,2051,81238,458.84,483.56,526,2051,5505130,Elementary,40451.66159,47126750.65
112,Germantown,no data,1,91,1,66,Washington,30,North Shore,2058,666746,3691.82,3876.43,3896,2058,5505160,Unified,74078.86252,148416414.8
113,Gibraltar Area,no data,no data,7,7,15,Door,33,Packerland,2114,89439,503.06,529.22,531,2114,5505220,Unified,206569.3091,359916266.7
114,Gillett,no data,no data,40,8,42,Oconto,25,Marinette-Oconto,2128,84433,468.9,496.66,514,2128,5505250,Unified,105440.0046,287481760.9
115,Gilman,no data,no data,4,10,60,Taylor,120,Cloverbelt - East,2135,55975,311.25,323.55,326,2135,5505280,Unified,185085.3875,864965703.4
116,Gilmanton,no data,no data,4,10,6,Buffalo,11,Dairyland,2142,25131,140.41,146.96,150,2142,5505370,Unified,105015.5197,248081352.4
387,Glendale-River Hills,no data,no data,40,1,40,Milwaukee,30,North Shore,2184,184774,997.78,1049.85,1065,2184,5505460,Elementary,30083.83944,16801078.63
117,Glenwood City,no data,no data,10,11,55,Saint Croix,123,Dunn-St. Croix - Small,2198,110450.5,624.94,661.38,687,2198,5505520,Unified,179097.3607,298905280.8
118,Goodman-Armstrong Creek,no data,no data,5,8,38,Marinette,31,Northern Lakes,2212,20343,108.11,116.25,115,2212,5505580,Unified,91834.30358,411938619.4
119,Grafton,no data,no data,64,1,45,Ozaukee,30,North Shore,2217,358227,1931.93,2001.27,2071,2217,5505610,Unified,52877.4587,55753521.77
120,Granton Area,no data,no data,6,10,10,Clark,120,Cloverbelt - East,2226,37759,212.47,220.81,233,2226,5505640,Unified,96983.41548,201142942.1
121,Grantsburg,no data,no data,29,11,7,Burnett,262,Lakeland - West,2233,270508,1534.56,1591.22,1463,2233,5505670,Unified,141975.1868,680149766.2
122,Green Bay Area,16,no data,2833,7,5,Brown,54,Fox River Classic,2289,3447790,18326.16,19929.42,20391,2289,5505820,Unified,126480.6044,250482117.8
123,Green Lake,no data,no data,1,6,24,Green Lake,43,Trailways,2310,50868,281.72,297.47,303,2310,5505880,Unified,95296.45521,106520696.7
124,Greendale,no data,no data,99,1,40,Milwaukee,47,Woodland,2296,469833.5,2625.3,2731.59,2698,2296,5505910,Unified,20413.25774,14423771.11
125,Greenfield,1,1,237,1,40,Milwaukee,47,Woodland,2303,664960.5,3574.66,3778.18,3527,2303,5505940,Unified,45957.0386,19089225.11
126,Greenwood,no data,no data,3,10,10,Clark,120,Cloverbelt - East,2394,57450.5,297.69,312.23,358,2394,5505970,Unified,121344.9229,385895554.3
127,Gresham,no data,no data,29,8,58,Shawano,155,Central Wisconsin - 10,2415,47876,261.54,279.98,292,2415,5500056,Unified,71291.93525,144762196.8
128,Hamilton,no data,no data,94,1,67,Waukesha,17,Greater Metro,2420,823064.5,4455.13,4650.08,4859,2420,5506030,Unified,61336.69276,98884726.34
388,Hartford J1,no data,no data,95,6,66,Washington,45,Wisconsin Little Ten,2443,289094,1613.45,1700.55,1706,2443,5506090,Elementary,98634.81313,126791390.1
372,Hartford UHS,1,no data,64,6,66,Washington,45,Wisconsin Little Ten,2436,228274,1253.2,1334.94,1344,2436,5506120,Secondary,179083.8031,469641924.7
389,Hartland-Lakeside J3,no data,no data,10,1,67,Waukesha,8,Classic Eight,2460,201530,1087.98,1145.06,1187,2460,5506140,Elementary,32621.52426,24883784.06
129,Hayward Community,no data,no data,133,12,57,Sawyer,18,Heart O'North,2478,350559,1946.56,2062.11,2063,2478,5506270,Unified,219965.5324,1586654398
390,Herman-Neosho-Rubicon,no data,no data,2,6,14,Dodge,45,Wisconsin Little Ten,2525,55713,303.99,314.76,318,2525,5500075,Elementary,127619.6371,212855759.4
130,Highland,no data,no data,5,3,25,Iowa,38,Six Rivers,2527,47623,277.3,288.62,297,2527,5506420,Unified,102724.1935,188189507.6
131,Hilbert,no data,no data,10,7,8,Calumet,300,Big East,2534,79612,437.2,454.93,457,2534,5506450,Unified,96228.67789,137709956.9
351,Hillsboro,no data,no data,1,4,62,Vernon,37,Scenic Bluffs,2541,88565,493.27,520.97,540,2541,5506480,Unified,191213.2012,361571442.6
132,Holmen,no data,no data,67,4,32,La Crosse,28,Mississippi Valley,2562,697628,3844.13,3963.8,3994,2562,5506540,Unified,119337.3632,260255638.5
391,Holy Hill Area,no data,no data,5,6,66,Washington,,Not Applicable,2570,89846,501.6,519.34,545,2570,5500080,Elementary,58531.25759,67627090.32
133,Horicon,no data,no data,22,6,14,Dodge,43,Trailways,2576,108128,635.37,663.36,681,2576,5506570,Unified,114982.2123,135904718.1
134,Hortonville Area,no data,4,119,6,44,Outagamie,16,Fox Valley Association,2583,660033,3619.91,3771.62,4011,2583,5506600,Unified,105868.9594,284117188.8
136,Howards Grove,no data,no data,20,7,59,Sheboygan,300,Big East,2605,157366,869.66,889.07,907,2605,5506660,Unified,112506.0251,134061496.1
135,Howard-Suamico,3,2,158,7,5,Brown,54,Fox River Classic,2604,1021291,5589.44,5937.74,6103,2604,5506630,Unified,118697.7889,142435360.9
137,Hudson,no data,no data,147,11,55,Saint Croix,4,Big Rivers,2611,958863,5305.48,5574.78,5614,2611,5506690,Unified,117746.9053,172611100.3
138,Hurley,no data,no data,47,12,26,Iron,20,Indianhead,2618,94391,515.02,548.78,563,2618,5506750,Unified,203364.036,1244552265
139,Hustisford,no data,no data,17,6,14,Dodge,43,Trailways,2625,75004,408.78,428.59,438,2625,5506780,Unified,138553.338,133131256.3
140,Independence,no data,no data,no data,4,61,Trempealeau,11,Dairyland,2632,62048.5,352.71,373.79,382,2632,5506810,Unified,150878.4972,243858936.4
141,Iola-Scandinavia,no data,no data,3,5,68,Waupaca,156,Central Wisconsin - 8,2639,109858,628.84,650.05,665,2639,5506840,Unified,132245.9315,345837894.7
142,Iowa-Grant,no data,no data,10,3,25,Iowa,131,Southwest Wisconsin Activities League,2646,117012,672.82,696.5,732,2646,5506870,Unified,215506.4586,428119076.7
143,Ithaca,no data,no data,31,3,52,Richland,35,Ridge & Valley,2660,75052,415.23,441.48,446,2660,5506960,Unified,219853.9576,225952917
144,Janesville,2,3,967,2,53,Rock,3,Big Eight,2695,1736334.5,9367.65,10154,10069,2695,5507020,Unified,75677.91183,220541370.5
145,Jefferson,no data,no data,108,2,28,Jefferson,36,Rock Valley,2702,307537,1709.99,1798.46,1874,2702,5507050,Unified,156365.8047,274547975.5
146,Johnson Creek,no data,no data,21,2,28,Jefferson,43,Trailways,2730,109204,606.09,634.91,655,2730,5507170,Unified,114482.6554,110270045.6
147,Juda,no data,no data,2,2,23,Green,38,Six Rivers,2737,49710,272.24,284.06,305,2737,5507230,Unified,112920.5805,147803771.9
148,Kaukauna Area,1,2,245,6,44,Outagamie,16,Fox Valley Association,2758,635001,3575.65,3735.3,3935,2758,5507290,Unified,103259.5546,180201601.5
149,Kenosha,8,1,3949,1,30,Kenosha,40,Southeast,2793,3674567,19737.1,21240.27,21233,2793,5507320,Unified,68748.70019,222062683
150,Kettle Moraine,no data,no data,78,1,67,Waukesha,8,Classic Eight,1376,650184.5,3579.88,3758.29,3868,1376,5503510,Unified,123254.7037,213145072.7
151,Kewaskum,no data,no data,64,6,66,Washington,52,East Central,2800,304609,1715.38,1802.42,1814,2800,5507380,Unified,135973.9052,365740283.6
152,Kewaunee,no data,no data,61,7,31,Kewaunee,33,Packerland,2814,162469,911.71,955.7,953,2814,5507410,Unified,95437.38552,334558316.9
153,Kickapoo Area,no data,no data,21,3,62,Vernon,35,Ridge & Valley,5960,85067.5,461.46,488.89,520,5960,5512540,Unified,209335.1193,383985427
154,Kiel Area,no data,no data,26,7,36,Manitowoc,14,Eastern Wisconsin,2828,221253,1158.82,1209.03,1216,2828,5507440,Unified,126028.7641,282102672.8
155,Kimberly Area,4,no data,117,6,44,Outagamie,16,Fox Valley Association,2835,894136.5,4920.88,5109.35,5190,2835,5507470,Unified,31493.11901,34711120.7
156,Kohler,no data,no data,13,7,59,Sheboygan,300,Big East,2842,120382,666.76,687.9,703,2842,5507500,Unified,46361.63011,27689067.22
157,La Crosse,no data,no data,805,4,32,La Crosse,28,Mississippi Valley,2849,1076904,5946.75,6334.73,6637,2849,5507530,Unified,155297.4807,249452628
158,La Farge,no data,no data,6,4,62,Vernon,35,Ridge & Valley,2863,38775,223.11,235,218,2863,5507560,Unified,104685.8753,183997277.6
392,Lac du Flambeau #1,no data,no data,51,9,63,Vilas,124,Great Northern,1848,88751,468.38,498.6,510,1848,5504620,Elementary,84613.61153,330832137.3
159,Ladysmith,no data,no data,24,10,54,Rusk,18,Heart O'North,2856,131376,706.49,755.03,806,2856,5507590,Unified,115709.561,283295239.4
393,Lake Country,no data,no data,5,1,67,Waukesha,8,Classic Eight,3862,87609,489.03,512.33,499,3862,5500013,Elementary,33554.22937,23089091.38
394,Lake Geneva J1,2,2,33,2,64,Walworth,41,Southern Lakes,2885,327510.5,1817.82,1915.27,1918,2885,5507620,Elementary,92132.13253,145084377.5
373,Lake Geneva-Genoa City UHS,3,no data,100,2,64,Walworth,41,Southern Lakes,2884,241402.5,1340.35,1411.71,1432,2884,5507650,Secondary,97116.1466,248315152.1
160,Lake Holcombe,no data,no data,8,10,9,Chippewa,261,Lakeland - East,2891,53847,303.78,320.52,316,2891,5507680,Unified,130527.803,469563335.5
161,Lake Mills Area,no data,no data,19,2,28,Jefferson,116,Capitol - North,2898,260467.5,1466.75,1523.2,1588,2898,5507710,Unified,132619.3679,201376291.8
374,Lakeland UHS,1,2,139,9,43,Oneida,124,Great Northern,3647,122057,630.59,681.88,709,3647,5509630,Secondary,231786.4918,1946303083
162,Lancaster Community,2,no data,44,3,22,Grant,42,Southwest Wisconsin,2912,164554,903.78,951.18,963,2912,5507770,Unified,250602.2757,377705334
163,Laona,no data,no data,3,8,21,Forest,31,Northern Lakes,2940,43214,240.42,257.23,261,2940,5507830,Unified,134641.5789,629026679.5
164,Lena,no data,no data,1,8,42,Oconto,25,Marinette-Oconto,2961,66485,380.93,395.74,388,2961,5507860,Unified,78241.15534,224887446.8
395,Linn J4,no data,no data,no data,2,64,Walworth,41,Southern Lakes,3087,19670,110.67,116.39,119,3087,5508040,Elementary,33534.47995,40213565.81
396,Linn J6,no data,no data,no data,2,64,Walworth,36,Rock Valley,3094,25243,134.21,141.02,148,3094,5508070,Elementary,38474.30681,43764680.02
165,Little Chute Area,no data,no data,63,6,44,Outagamie,301,North Eastern,3129,264678.5,1449.58,1529.93,1602,3129,5508160,Unified,14238.48873,8214426.895
166,Lodi,no data,no data,40,5,11,Columbia,116,Capitol - North,3150,246397,1348.99,1399.98,1493,3150,5508190,Unified,102083.5222,248633169.6
167,Lomira,no data,no data,21,6,14,Dodge,51,Wisconsin Flyway,3171,189674,1053.14,1102.76,1080,3171,5508220,Unified,123532.9967,191726522.9
168,Loyal,no data,no data,no data,10,10,Clark,120,Cloverbelt - East,3206,81916.5,477.98,496.46,502,3206,5508250,Unified,128765.9841,291923396.1
169,Luck,no data,no data,23,11,48,Polk,262,Lakeland - West,3213,73130,406.88,425.17,438,3213,5508280,Unified,152215.117,283226353.7
170,Luxemburg-Casco,no data,no data,30,7,31,Kewaunee,301,North Eastern,3220,325112,1847.28,1912.42,1910,3220,5508340,Unified,116664.1716,444327165.2
171,Madison Metropolitan,no data,no data,2547,2,13,Dane,3,Big Eight,3269,4578045.5,23633.94,25575.67,26917,3269,5508520,Unified,237636.6891,248933022.2
172,Manawa,no data,3,30,6,68,Waupaca,156,Central Wisconsin - 8,3276,107822,594.15,626.87,637,3276,5508550,Unified,105751.5633,284634866.6
173,Manitowoc,no data,no data,319,7,36,Manitowoc,54,Fox River Classic,3290,847471.5,4677.04,5044.47,4961,3290,5508610,Unified,108432.3471,239929004
174,Maple,no data,no data,63,12,16,Douglas,18,Heart O'North,3297,241076,1281.25,1354.36,1341,3297,5508640,Unified,189268.4887,1155719584
397,Maple Dale-Indian Hill,no data,no data,10,1,40,Milwaukee,30,North Shore,1897,83468,449.94,468.92,471,1897,5504770,Elementary,18696.18605,16134328.47
175,Marathon City,no data,no data,18,9,37,Marathon,126,Marawood - South,3304,120352,667.33,699.72,731,3304,5508670,Unified,114201.0356,269372914.6
176,Marinette,no data,no data,102,8,38,Marinette,301,North Eastern,3311,341483,1870.84,2008.72,2033,3311,5508700,Unified,141702.1461,252241793.3
177,Marion,no data,no data,17,8,68,Waupaca,155,Central Wisconsin - 10,3318,71472,392.06,420.42,438,3318,5508730,Unified,136550.0033,329188628.5
178,Markesan,no data,no data,21,6,24,Green Lake,43,Trailways,3325,139176,768.02,809.16,814,3325,5508760,Unified,191469.1468,460490618.8
179,Marshall,no data,no data,61,2,13,Dane,117,Capitol - South,3332,164770,892.17,952.43,1030,3332,5508790,Unified,76182.60068,144708426.6
180,Marshfield Unified,1,1,144,5,71,Wood,46,Wisconsin Valley,3339,675837,3765.7,3929.28,4068,3339,5508820,Unified,160402.3289,489367038
181,Mauston,no data,no data,73,5,29,Juneau,39,South Central,3360,242743,1315,1411.3,1462,3360,5508850,Unified,166424.582,538360090.9
182,Mayville,no data,no data,33,6,14,Dodge,51,Wisconsin Flyway,3367,199106,1104.05,1164.36,1100,3367,5508880,Unified,143959.9255,253321938.5
183,Mcfarland,1,3,102,2,13,Dane,36,Rock Valley,3381,802558,4559.09,4666.03,4447,3381,5508910,Unified,81622.37105,60222194.46
184,Medford Area Public,no data,no data,46,10,60,Taylor,124,Great Northern,3409,476422,2769.95,2870.01,2755,3409,5508940,Unified,165309.213,907648111.6
185,Mellen,no data,no data,2,12,2,Ashland,20,Indianhead,3427,47686,255.21,264.92,271,3427,5508970,Unified,105501.6988,520898373.8
186,Melrose-Mindoro,no data,no data,28,4,27,Jackson,11,Dairyland,3428,124280,696.29,731.06,768,3428,5509000,Unified,170841.7795,492596709.4
187,Menasha Joint,no data,4,480,6,70,Winnebago,2,Bay,3430,569443.5,3126.73,3330.08,3432,3430,5509030,Unified,25340.38906,23657658.36
188,Menominee Indian,no data,no data,105,8,72,Menominee,155,Central Wisconsin - 10,3434,158991,774.43,908.52,921,3434,5509070,Unified,139937.0098,951290890.2
189,Menomonee Falls,no data,no data,106,1,67,Waukesha,17,Greater Metro,3437,693730,3833.69,4010,4002,3437,5509060,Unified,40513.98415,58243094.26
190,Menomonie Area,no data,1,234,11,17,Dunn,4,Big Rivers,3444,565938,3174.46,3388.85,3426,3444,5509090,Unified,256055.4593,640512318.7
191,Mequon-Thiensville,no data,no data,130,1,45,Ozaukee,30,North Shore,3479,687834,3843.3,4022.42,3771,3479,5509130,Unified,48280.08367,120982074.3
192,Mercer,no data,no data,no data,12,26,Iron,20,Indianhead,3484,24237,142.29,146.89,145,3484,5509150,Unified,99183.78231,478325986.6
193,Merrill Area,no data,5,254,9,35,Lincoln,46,Wisconsin Valley,3500,575821,3233.68,3367.37,3291,3500,5509210,Unified,217960.5566,1474040249
398,Merton Community,no data,no data,1,1,67,Waukesha,8,Classic Eight,3528,143835.5,803.44,836.25,844,3528,5509360,Elementary,36581.57781,33154227.72
194,Middleton-Cross Plains Area,no data,1,143,2,13,Dane,3,Big Eight,3549,1258034,6748.94,7147.92,7450,3549,5509510,Unified,145708.9776,201788842.5
195,Milton,no data,2,157,2,53,Rock,115,Badger - South,3612,562850,3108.44,3272.38,3487,3612,5509570,Unified,106717.692,313914021.9
196,Milwaukee,187,no data,22961,1,40,Milwaukee,27,Milwaukee City,3619,12994229,65971.83,75547.84,75431,3619,5509600,Unified,177014.1536,250088355.8
197,Mineral Point Unified,no data,no data,2,3,25,Iowa,131,Southwest Wisconsin Activities League,3633,126001,727.63,754.5,763,3633,5509660,Unified,194163.17,345823712.2
399,Minocqua J1,no data,no data,28,9,43,Oneida,124,Great Northern,3640,104178,563.68,591.92,613,3640,5509690,Elementary,132972.3737,645451585.2
198,Mishicot,no data,1,34,7,36,Manitowoc,300,Big East,3661,139805.5,785.62,817.58,859,3661,5509750,Unified,85415.16895,261636674
199,Mondovi,2,no data,39,10,6,Buffalo,122,Dunn-St. Croix - Large,3668,154041.5,890.31,927.96,991,3668,5509780,Unified,149316.3208,483488937.1
200,Monona Grove,no data,no data,143,2,13,Dane,115,Badger - South,3675,563076.5,3081.14,3254.78,3454,3675,5509810,Unified,79002.50285,61899116.04
201,Monroe,no data,no data,195,2,23,Green,115,Badger - South,3682,406433,2163.12,2270.58,2353,3682,5509840,Unified,189748.5131,414116232.6
202,Montello,no data,no data,1,5,39,Marquette,43,Trailways,3689,112941,587.58,627.45,668,3689,5509870,Unified,144516.5522,460857277.7
203,Monticello,no data,1,5,2,23,Green,38,Six Rivers,3696,58469,331.96,345.97,341,3696,5509900,Unified,124048.4848,167636172.4
204,Mosinee,no data,no data,56,9,37,Marathon,124,Great Northern,3787,332176,1846.7,1942.55,2016,3787,5509960,Unified,159976.1308,606747931
205,Mount Horeb Area,no data,no data,60,2,13,Dane,114,Badger - North,3794,424169.5,2299.16,2423.83,2522,3794,5509990,Unified,156737.5288,372863771.8
206,Mukwonago,2,1,199,1,67,Waukesha,8,Classic Eight,3822,849978.5,4681.37,4884.93,5040,3822,5510060,Unified,103521.5257,225091316
207,Muskego-Norway,no data,no data,107,1,67,Waukesha,8,Classic Eight,3857,831863,4558.81,4753.5,4850,3857,5510170,Unified,50554.49427,112221600.7
208,Necedah Area,no data,2,13,5,29,Juneau,37,Scenic Bluffs,3871,109098,614.81,645.55,699,3871,5510230,Unified,151887.2277,593719709
209,Neenah Joint,1,4,497,6,70,Winnebago,16,Fox Valley Association,3892,1088481.5,6023.12,6365.39,6714,3892,5510320,Unified,77387.61663,152546293
210,Neillsville,no data,4,63,10,10,Clark,120,Cloverbelt - East,3899,155779,875.67,916.35,927,3899,5510350,Unified,145077.1539,707071250.6
211,Nekoosa,no data,no data,12,5,71,Wood,39,South Central,3906,205779,1109.88,1169.2,1183,3906,5510380,Unified,115266.2776,421301199.5
212,New Auburn,no data,3,22,10,9,Chippewa,261,Lakeland - East,3920,53169,300.11,314.61,316,3920,5510440,Unified,131058.7268,226759780.8
213,New Berlin,no data,no data,111,1,67,Waukesha,47,Woodland,3925,757488,4279.38,4429.75,4348,3925,5510470,Unified,41270.9169,89677396.21
214,New Glarus,no data,1,28,2,23,Green,117,Capitol - South,3934,163240.5,913.61,960.24,989,3934,5510500,Unified,114985.1596,199450735.3
215,New Holstein,no data,no data,8,7,8,Calumet,14,Eastern Wisconsin,3941,179711,989.05,1026.92,1063,3941,5510530,Unified,123103.6051,336538037
216,New Lisbon,no data,1,18,5,29,Juneau,37,Scenic Bluffs,3948,107454,596.15,635.82,660,3948,5510560,Unified,143969.9188,310687060.9
217,New London,1,3,94,6,68,Waupaca,2,Bay,3955,375588.5,2090.19,2222.42,2284,3955,5510590,Unified,174132.6585,395155912.6
218,New Richmond,2,1,179,11,55,Saint Croix,26,Middle Border,3962,581544,3241.39,3400.84,3441,3962,5510620,Unified,177674.4075,393883846
219,Niagara,no data,no data,20,8,38,Marinette,25,Marinette-Oconto,3969,69100,395.61,416.27,431,3969,5510680,Unified,67843.28576,184638246.3
375,Nicolet UHS,no data,no data,34,1,40,Milwaukee,30,North Shore,2177,188469,1021.98,1070.85,1087,2177,5505490,Secondary,43274.96261,42695977.99
220,Norris,no data,no data,no data,1,67,Waukesha,19,Indian Trails,3976,4948,27.11,27.64,31,3976,5510710,Unified,10389.24923,3215056.716
400,North Cape,no data,no data,4,2,51,Racine,41,Southern Lakes,4690,34680,188.95,197.05,198,4690,5512510,Elementary,58277.3522,52902021.4
221,North Crawford,no data,no data,3,3,12,Crawford,35,Ridge & Valley,2016,73854,409.93,434.44,456,2016,5504980,Unified,237977.6959,419786188.5
222,North Fond Du Lac,no data,no data,27,6,20,Fond du Lac,51,Wisconsin Flyway,3983,251804,1376.12,1447.15,1446,3983,5510740,Unified,58804.06101,73461987.16
401,North Lake,no data,no data,3,1,67,Waukesha,8,Classic Eight,3514,56704,317.37,329.67,335,3514,5509300,Elementary,38742.08006,32524487.86
402,North Lakeland,no data,no data,3,9,63,Vilas,124,Great Northern,616,26683,150.27,157.89,152,616,5501530,Elementary,133094.0611,691709511.8
223,Northern Ozaukee,no data,no data,no data,1,45,Ozaukee,300,Big East,1945,145890,839.15,868.39,1030,1945,5504890,Unified,86653.84126,161844450.3
224,Northland Pines,3,1,4,9,63,Vilas,124,Great Northern,1526,212216.5,1183.92,1248.33,1306,1526,5503860,Unified,197664.2109,1233170983
225,Northwood,no data,no data,14,12,65,Washburn,260,Lakeland - Central,3654,57377,316.64,333.59,325,3654,5509720,Unified,143242.0283,1083548454
226,Norwalk-Ontario-Wilton,no data,no data,14,4,41,Monroe,37,Scenic Bluffs,3990,108815,570.84,604.53,658,3990,5510770,Unified,146642.0592,382801423.5
403,Norway J7,no data,no data,no data,2,51,Racine,41,Southern Lakes,4011,18272,98.46,101.51,105,4011,5510800,Elementary,23323.73667,22490772.71
227,Oak Creek-Franklin Joint,no data,5,461,1,40,Milwaukee,40,Southeast,4018,1099898.5,6020.36,6357.79,6604,4018,5510830,Unified,51584.335,85773406.28
228,Oakfield,no data,no data,21,6,20,Fond du Lac,43,Trailways,4025,90974,484.22,502.62,548,4025,5510860,Unified,98698.55783,159995659.5
229,Oconomowoc Area,3,2,48,1,67,Waukesha,45,Wisconsin Little Ten,4060,892152.5,4947.51,5217.27,5272,4060,5510890,Unified,139794.496,312750825.5
230,Oconto Falls Public,no data,no data,14,8,42,Oconto,301,North Eastern,4074,288859,1615.87,1689.23,1691,4074,5510950,Unified,176040.6181,462276579.5
231,Oconto Unified,no data,1,69,8,42,Oconto,33,Packerland,4067,173584,976.52,1027.12,1006,4067,5510920,Unified,114684.3087,256310392.1
232,Omro,1,1,52,6,70,Winnebago,51,Wisconsin Flyway,4088,196281,1095.39,1147.84,1154,4088,5510980,Unified,155200.8947,252734844.5
233,Onalaska,no data,no data,105,4,32,La Crosse,28,Mississippi Valley,4095,518904.5,2824.82,2948.32,3133,4095,5511010,Unified,47748.0037,36757932.06
234,Oostburg,no data,no data,4,7,59,Sheboygan,300,Big East,4137,173839,952.64,987.72,995,4137,5511070,Unified,94280.51101,105774941.7
235,Oregon,3,2,243,2,13,Dane,115,Badger - South,4144,701938,3908.85,4034.13,4091,4144,5511100,Unified,136908.3685,229646315.5
236,Osceola,3,3,32,11,48,Polk,26,Middle Border,4165,273085,1549.78,1635.24,1692,4165,5511160,Unified,137556.9961,292607486.6
237,Oshkosh Area,4,3,1622,6,70,Winnebago,16,Fox Valley Association,4179,1701981.5,9097.76,9670.35,9911,4179,5511190,Unified,194504.6147,272921238.8
238,Osseo-Fairchild,no data,no data,101,10,61,Trempealeau,121,Cloverbelt - West,4186,137769,762.9,800.98,817,4186,5511220,Unified,248622.1459,746397874.7
239,Owen-Withee,no data,no data,14,10,10,Clark,120,Cloverbelt - East,4207,82180,478.35,480.58,485,4207,5511310,Unified,148442.9198,408953684.8
240,Palmyra-Eagle Area,no data,no data,21,2,28,Jefferson,43,Trailways,4221,130690,738.48,777.92,769,4221,5511350,Unified,101128.9356,208495732.4
241,Pardeeville Area,1,no data,14,5,11,Columbia,43,Trailways,4228,130924.5,749.28,779.31,812,4228,5511370,Unified,123566.9858,239291927.9
404,Paris J1,no data,no data,no data,2,30,Kenosha,41,Southern Lakes,4235,54257,313.51,313.62,277,4235,5511400,Elementary,42923.52904,95636243.76
242,Parkview,no data,no data,19,2,53,Rock,43,Trailways,4151,138250,768.22,813.24,803,4151,5511130,Unified,141259.8277,322702579.8
243,Pecatonica Area,no data,no data,6,3,33,Lafayette,38,Six Rivers,490,65897,354.87,378.72,400,490,5501310,Unified,142545.7409,297393726.2
244,Pepin Area,no data,no data,1,11,46,Pepin,123,Dunn-St. Croix - Small,4270,36442,213.26,222.21,225,4270,5511580,Unified,83446.46297,210174611.2
245,Peshtigo,no data,no data,58,8,38,Marinette,25,Marinette-Oconto,4305,196676,1124.4,1177.7,1188,4305,5511610,Unified,96545.09324,228508465.6
246,Pewaukee,1,no data,76,1,67,Waukesha,47,Woodland,4312,515875,2872.58,2999.27,2995,4312,5511640,Unified,36450.37081,40970535.03
247,Phelps,no data,no data,9,9,63,Vilas,31,Northern Lakes,4330,22101,124.31,132.34,132,4330,5511710,Unified,80901.78005,280452549.9
248,Phillips,no data,no data,14,12,50,Price,125,Marawood - North,4347,138477,754.87,791.3,759,4347,5511730,Unified,215623.1531,1518593852
249,Pittsville,no data,no data,9,5,71,Wood,126,Marawood - South,4368,95720,518.12,537.75,575,4368,5511790,Unified,178629.7448,950841334.8
250,Platteville,no data,1,87,3,22,Grant,42,Southwest Wisconsin,4389,248859,1341.23,1405.98,1519,4389,5511850,Unified,167633.0898,379349880.3
251,Plum City,no data,no data,3,11,47,Pierce,123,Dunn-St. Croix - Small,4459,45805,272.49,281.01,276,4459,5511880,Unified,115521.2101,214581146.3
252,Plymouth Joint,no data,4,173,7,59,Sheboygan,52,East Central,4473,366278,2076.07,2180.23,2179,4473,5511940,Unified,179289.1185,325436471.9
253,Port Edwards,no data,no data,9,5,71,Wood,155,Central Wisconsin - 10,4508,74981,417.14,433.42,448,4508,5511970,Unified,74898.60524,157835554.1
254,Port Washington-Saukville,no data,no data,143,1,45,Ozaukee,30,North Shore,4515,447068,2392.09,2497.59,2616,4515,5512000,Unified,68157.56192,80603948.77
255,Portage Community,no data,no data,188,5,11,Columbia,114,Badger - North,4501,376738.5,1986.88,2104.68,2316,4501,5512060,Unified,183436.4916,546289059.3
256,Potosi,no data,no data,5,3,22,Grant,38,Six Rivers,4529,58901,339,354.83,333,4529,5512090,Unified,167770.5131,168258663.3
257,Poynette,no data,2,31,5,11,Columbia,116,Capitol - North,4536,175833,985.22,1028.26,1075,4536,5512120,Unified,108108.9855,258118387.7
258,Prairie Du Chien Area,no data,no data,21,3,12,Crawford,42,Southwest Wisconsin,4543,202743,1135.14,1171.92,1163,4543,5512150,Unified,129964.869,235526955.6
259,Prairie Farm Public,no data,no data,5,11,3,Barron,260,Lakeland - Central,4557,61741,352.68,365.33,386,4557,5512180,Unified,147421.3533,229566182.5
260,Prentice,no data,no data,5,9,50,Price,125,Marawood - North,4571,63952,340.45,359.28,340,4571,5512210,Unified,187490.1017,1083995084
261,Prescott,no data,no data,37,11,47,Pierce,26,Middle Border,4578,214415,1201.2,1261.26,1320,4578,5512240,Unified,84761.85077,189097670.9
262,Princeton,no data,2,27,5,24,Green Lake,43,Trailways,4606,58746,319.14,337.62,336,4606,5512300,Unified,116158.6859,234654410.5
263,Pulaski Community,no data,2,78,7,5,Brown,54,Fox River Classic,4613,523539,2951.03,3097.86,3777,4613,5512330,Unified,206816.4195,476443172.8
264,Racine Unified,no data,136,6020,1,51,Racine,40,Southeast,4620,3145584.5,15826.4,17974.77,17862,4620,5512360,Unified,65650.56571,261538918.8
405,Randall J1,no data,no data,23,2,30,Kenosha,41,Southern Lakes,4627,130553,713.68,754.64,732,4627,5512390,Elementary,54499.78935,45075131.62
265,Randolph,no data,no data,9,5,14,Dodge,43,Trailways,4634,93662,521,550.95,553,4634,5512420,Unified,136518.8674,155752288.7
266,Random Lake,no data,no data,17,7,59,Sheboygan,300,Big East,4641,120766.5,692.77,718.85,741,4641,5512450,Unified,113954.749,236808640.7
406,Raymond #14,no data,no data,no data,2,51,Racine,41,Southern Lakes,4686,74085,417.46,420.94,412,4686,5512480,Elementary,41039.88882,80188862.24
267,Reedsburg,no data,no data,59,5,56,Sauk,114,Badger - North,4753,484237,2670.6,2865.31,2862,4753,5512660,Unified,234436.7248,624294976.4
268,Reedsville,no data,no data,5,7,36,Manitowoc,300,Big East,4760,101933,535.13,553.98,577,4760,5512690,Unified,121059.4028,288857450.1
269,Rhinelander,no data,no data,200,9,43,Oneida,124,Great Northern,4781,388625,2098.65,2195.62,2350,4781,5512720,Unified,231796.7842,995719304
270,Rib Lake,no data,no data,2,9,60,Taylor,125,Marawood - North,4795,77992,435.47,453.44,473,4795,5512780,Unified,153429.1255,731840005.4
271,Rice Lake Area,no data,no data,88,11,3,Barron,4,Big Rivers,4802,377035.5,1976.78,2094.64,2276,4802,5512810,Unified,170348.6949,611453066.2
272,Richland,no data,14,93,3,52,Richland,42,Southwest Wisconsin,4851,223977,1295.17,1365.71,1299,4851,5512960,Unified,308525.2615,676686350
407,Richmond,no data,no data,4,1,67,Waukesha,8,Classic Eight,3122,70650,400.16,413.16,412,3122,5508130,Elementary,20035.65066,16796417.67
273,Rio Community,no data,no data,2,5,11,Columbia,43,Trailways,4865,66100,366.59,388.82,407,4865,5512990,Unified,111594.6451,195437864.6
274,Ripon Area,no data,no data,24,6,20,Fond du Lac,52,East Central,4872,266650,1461.64,1532.47,1600,4872,5513020,Unified,170862.7824,290957849.9
275,River Falls,1,6,121,11,47,Pierce,4,Big Rivers,4893,575958,3220.95,3368.18,3455,4893,5513050,Unified,138928.348,370438825.1
276,River Ridge,no data,2,10,3,22,Grant,38,Six Rivers,4904,91428,515.43,540.99,542,4904,5500017,Unified,235937.0273,543423010.2
277,River Valley,no data,no data,11,3,56,Sauk,42,Southwest Wisconsin,5523,202858,1074.45,1146.09,1194,5523,5514250,Unified,309242.3414,773600263.3
278,Riverdale,no data,no data,45,3,21/22,Forest/Grant,131,Southwest Wisconsin Activities League,3850,115909,636.53,677.83,695,3850,5510140,Unified,236250.8811,514536801.6
279,Rosendale-Brandon,no data,no data,20,6,20,Fond du Lac,51,Wisconsin Flyway,4956,180511,965.27,1008.44,1047,4956,5513100,Unified,173631.4589,334377152.1
280,Rosholt,no data,no data,20,5,49,Portage,155,Central Wisconsin - 10,4963,83588,472.46,494.6,530,4963,5513140,Unified,138672.6727,400568319.1
281,Royall,no data,no data,1,4,29,Juneau,37,Scenic Bluffs,1673,83257,467.09,484.05,508,1673,5504380,Unified,163567.5567,307618351.6
282,Saint Croix Central,no data,no data,15,11,55,Saint Croix,26,Middle Border,2422,286237,1661.73,1734.77,1726,2422,5506060,Unified,120048.2167,220752526.2
283,Saint Croix Falls,no data,1,43,11,48,Polk,262,Lakeland - West,5019,176177,996.4,1048.67,1084,5019,5513230,Unified,195661.6597,387192595.3
284,Saint Francis,no data,no data,152,1,40,Milwaukee,280,Midwest Classic,5026,197269,1038.34,1114.51,1123,5026,5513260,Unified,14524.89456,6641540.002
408,Salem,no data,no data,15,2,30,Kenosha,41,Southern Lakes,5068,155400,863.17,903.49,969,5068,5513350,Elementary,36931.72097,46557615.83
285,Sauk Prairie,no data,no data,39,5,56,Sauk,114,Badger - North,5100,478995,2672.34,2817.62,2785,5100,5513410,Unified,228321.9645,610461235.2
286,Seneca Area,no data,1,no data,3,12,Crawford,35,Ridge & Valley,5124,49276,262.56,275.28,290,5124,5513470,Unified,279083.3272,311906212.6
287,Sevastopol,no data,no data,18,7,15,Door,33,Packerland,5130,104938,566.15,599.65,613,5130,5513500,Unified,93686.91773,303848196.9
288,Seymour Community,1,no data,125,7,44,Outagamie,2,Bay,5138,374487,1998.24,2103.86,2218,5138,5513530,Unified,134288.163,432253246.5
409,Sharon J11,no data,no data,no data,2,64,Walworth,36,Rock Valley,5258,45353,249.01,262.16,262,5258,5513560,Elementary,42155.28183,50400486.35
289,Shawano,no data,no data,86,8,58,Shawano,2,Bay,5264,430734,2423.68,2563.89,2460,5264,5513620,Unified,171945.7462,433152488.4
290,Sheboygan Area,no data,no data,17,7,59,Sheboygan,54,Fox River Classic,5271,1747381,9337.9,9985.03,10060,5271,5513650,Unified,182226.5714,132349045.6
291,Sheboygan Falls,no data,no data,43,7,59,Sheboygan,14,Eastern Wisconsin,5278,295349,1615.3,1687.71,1688,5278,5513680,Unified,101035.555,143681689.8
292,Shell Lake,no data,no data,18,11,65,Washburn,260,Lakeland - Central,5306,120298,647.16,675.83,685,5306,5513710,Unified,130672.9512,404151213.7
293,Shiocton,no data,no data,11,6,44,Outagamie,156,Central Wisconsin - 8,5348,121702,668.63,699.44,699,5348,5513770,Unified,114288.839,282703172.4
294,Shorewood,no data,no data,17,1,40,Milwaukee,47,Woodland,5355,350549,1912.53,2026.29,2036,5355,5513800,Unified,9116.819614,4224891.485
295,Shullsburg,no data,no data,7,3,33,Lafayette,38,Six Rivers,5362,63004,355.17,375.02,370,5362,5513830,Unified,170145.0555,247771839.7
410,Silver Lake J1,no data,no data,18,2,30,Kenosha,41,Southern Lakes,5369,82796,460.65,478.59,475,5369,5513860,Elementary,19630.92757,13581678.08
296,Siren,1,no data,24,11,7,Burnett,262,Lakeland - West,5376,77594.5,424.28,459.14,469,5376,5513890,Unified,95322.9739,285946257.5
297,Slinger,1,no data,56,6,66,Washington,45,Wisconsin Little Ten,5390,583410,3231.91,3352.93,3368,5390,5513950,Unified,87251.18272,203764165.8
298,Solon Springs,no data,no data,1,12,16,Douglas,20,Indianhead,5397,47340,258.7,272.07,273,5397,5513980,Unified,99402.98073,411814850
299,Somerset,no data,no data,48,11,55,Saint Croix,26,Middle Border,5432,247178,1391.55,1445.49,1499,5432,5514010,Unified,158246.1611,153969565.5
300,South Milwaukee,no data,1,276,1,40,Milwaukee,47,Woodland,5439,520203.5,2799.77,3006.96,3062,5439,5514040,Unified,15666.15149,12476077.47
301,South Shore,no data,no data,4,12,4,Bayfield,20,Indianhead,4522,27612,157.68,167.35,177,4522,5512030,Unified,154934.319,753267301.8
302,Southern Door County,no data,2,28,7,15,Door,33,Packerland,5457,168894.5,911.18,954.21,1009,5457,5514130,Unified,144717.6445,509170829.5
303,Southwestern Wisconsin,no data,no data,5,3,22,Grant,131,Southwest Wisconsin Activities League,2485,83099,464.37,483.13,521,2485,5506300,Unified,105611.5291,147433444.5
304,Sparta Area,no data,no data,139,4,41,Monroe,28,Mississippi Valley,5460,498824.5,2831.59,2969.19,2981,5460,5514160,Unified,211093.2393,749674664.3
305,Spencer,no data,no data,23,10,37,Marathon,120,Cloverbelt - East,5467,114923,619.78,645.63,686,5467,5514190,Unified,78052.77014,207710315
306,Spooner Area,no data,no data,67,11,65,Washburn,18,Heart O'North,5474,192524,1081.08,1132.49,1158,5474,5514220,Unified,249944.0582,1354796006
307,Spring Valley,no data,no data,14,11,47,Pierce,123,Dunn-St. Croix - Small,5586,129110,730.65,763.96,768,5586,5514340,Unified,177562.3553,283028783.6
308,Stanley-Boyd Area,no data,1,10,10,9,Chippewa,121,Cloverbelt - West,5593,207743,1142.4,1180.36,1099,5593,5514430,Unified,154227.8289,483843652.4
309,Stevens Point Area Public,no data,no data,93,5,49,Portage,46,Wisconsin Valley,5607,1187469,6499.14,6903.89,7144,5607,5514490,Unified,212894.6377,995828498.8
310,Stockbridge,no data,no data,1,7,8,Calumet,29,No WI Affiliation,5614,34718,191.01,199.53,201,5614,5514520,Unified,101085.6594,70688438.08
411,Stone Bank,no data,no data,no data,1,67,Waukesha,8,Classic Eight,3542,60420,337.44,351.28,353,3542,5509390,Elementary,35518.04949,28949674.83
311,Stoughton Area,no data,no data,203,2,13,Dane,115,Badger - South,5621,491815.5,2736.26,2876.11,2963,5621,5514550,Unified,143013.3958,291861653.7
312,Stratford,no data,no data,50,9,37,Marathon,126,Marawood - South,5628,145089,795.16,829.08,884,5628,5514580,Unified,120661.9386,300093573.6
313,Sturgeon Bay,no data,no data,76,7,15,Door,33,Packerland,5642,195177,1065.01,1121.71,1145,5642,5514610,Unified,60259.24727,23056800.6
314,Sun Prairie Area,1,5,802,2,13,Dane,3,Big Eight,5656,1414663,7337.11,7859.24,8521,5656,5514640,Unified,93737.24755,207860786.3
315,Superior,4,no data,565,12,16,Douglas,29,No WI Affiliation,5663,764225.5,4285.16,4495.44,4622,5663,5514670,Unified,150679.1312,1049724283
316,Suring Public,no data,1,23,8,42,Oconto,25,Marinette-Oconto,5670,37056,206.47,217.98,378,5670,5514700,Unified,156372.0591,783368321.2
412,Swallow,no data,no data,4,1,67,Waukesha,8,Classic Eight,3510,79246,448.18,463.43,462,3510,5509240,Elementary,29450.65551,15448884.33
317,Thorp,no data,no data,12,10,10,Clark,121,Cloverbelt - West,5726,98178,560.81,584.39,602,5726,5514820,Unified,145412.0217,404352125.1
318,Three Lakes,no data,no data,32,9,43,Oneida,31,Northern Lakes,5733,87870,494.31,523.04,535,5733,5514850,Unified,180661.3423,786999011.9
319,Tigerton,no data,no data,1,8,58,Shawano,155,Central Wisconsin - 10,5740,40953,236.25,246.7,242,5740,5514880,Unified,99614.64038,251651609.7
320,Tomah Area,no data,no data,85,4,41,Monroe,28,Mississippi Valley,5747,511335,3015.92,3043.66,3121,5747,5514910,Unified,247672.4201,1206558549
321,Tomahawk,no data,no data,53,9,35,Lincoln,124,Great Northern,5754,195595,1123.99,1164.26,1224,5754,5514940,Unified,205343.711,1099322612
322,Tomorrow River,no data,no data,3,5,49,Portage,156,Central Wisconsin - 8,126,194491,1098.33,1150.83,1195,126,5500330,Unified,106679.1945,257670205.7
413,Trevor-Wilmot Consolidated,no data,1,31,2,30,Kenosha,41,Southern Lakes,5780,100757.5,549.66,575.76,564,5780,5500052,Elementary,30274.74723,27888488.19
323,Tri-County Area,no data,no data,21,5,69,Waushara,155,Central Wisconsin - 10,4375,105549,587.42,613.66,611,4375,5511820,Unified,168006.7565,568515328.1
324,Turtle Lake,no data,no data,10,11,3,Barron,260,Lakeland - Central,5810,75154,433.76,450.02,458,5810,5515060,Unified,142897.3477,292656265.3
414,Twin Lakes #4,no data,no data,1,2,30,Kenosha,41,Southern Lakes,5817,52661.5,292.27,311.61,316,5817,5515090,Elementary,21575.5336,11014329.76
325,Two Rivers Public,1,1,38,7,36,Manitowoc,14,Eastern Wisconsin,5824,303378,1711.48,1816.63,1821,5824,5515120,Unified,48359.60853,74952514.58
415,Union Grove J1,no data,no data,3,2,51,Racine,41,Southern Lakes,5859,81969,467.54,487.91,809,5859,5515180,Elementary,26239.1225,28089143.96
376,Union Grove UHS,no data,no data,31,2,51,Racine,41,Southern Lakes,5852,165404,926.18,967.27,986,5852,5515150,Secondary,72554.24031,216499960
326,Unity,no data,no data,88,11,48,Polk,262,Lakeland - West,238,156076,865.69,923.53,937,238,5500750,Unified,145737.841,380821516.3
327,Valders Area,no data,no data,13,7,36,Manitowoc,14,Eastern Wisconsin,5866,162852,905.18,941.34,980,5866,5515210,Unified,115993.4666,306052584.9
328,Verona Area,no data,no data,306,2,13,Dane,3,Big Eight,5901,982706,5181.89,5459.48,5656,5901,5515330,Unified,111865.4953,139445513.5
329,Viroqua Area,no data,no data,60,4,62,Vernon,10,Coulee,5985,193985,1084.93,1141.09,1165,5985,5515360,Unified,203665.9515,487944797.6
330,Wabeno Area,no data,no data,58,8,21,Forest,31,Northern Lakes,5992,62346,346.67,373.33,382,5992,5515390,Unified,169963.204,907165638.5
416,Walworth J1,no data,no data,8,2,64,Walworth,36,Rock Valley,6022,77744,427.6,449.39,458,6022,5515450,Elementary,56018.55293,70931839.3
331,Washburn,no data,no data,3,12,4,Bayfield,20,Indianhead,6027,96091,512.64,545.97,572,6027,5515540,Unified,115843.2121,481369071.4
332,Washington,no data,no data,1,7,15,Door,29,No WI Affiliation,6069,12864,68.41,72.68,80,6069,5515570,Unified,87913.60606,65779237.32
421,Washington-Caldwell,no data,no data,no data,2,51,Racine,41,Southern Lakes,6104,30422,170.53,178.95,180,6104,5515700,Elementary,41118.02932,24445191.96
417,Waterford Graded J1,no data,1,15,2,51,Racine,41,Southern Lakes,6113,262008,1464.64,1532.21,1526,6113,5515660,Elementary,112970.2789,124765644.4
377,Waterford UHS,1,no data,40,2,51,Racine,41,Southern Lakes,6083,184602,1054.87,1054.87,1058,6083,5515600,Secondary,93779.60781,224606086.4
333,Waterloo,no data,no data,14,2,28,Jefferson,117,Capitol - South,6118,131774,713.71,752.99,790,6118,5515720,Unified,104394.0793,216912198.7
334,Watertown Unified,no data,4,441,2,28,Jefferson,45,Wisconsin Little Ten,6125,590279.5,3295.99,3472.23,3621,6125,5515750,Unified,239653.4478,425336878.9
335,Waukesha,2,14,940,1,67,Waukesha,8,Classic Eight,6174,2145275.5,11649.85,12258.72,12739,6174,5515780,Unified,78469.67852,182714568.4
336,Waunakee Community,no data,2,34,2,13,Dane,114,Badger - North,6181,737949.5,4061.84,4241.09,4339,6181,5515810,Unified,102601.3017,147157727.7
337,Waupaca,no data,no data,116,5,68,Waupaca,301,North Eastern,6195,360421,1939.08,2059.55,2113,6195,5515840,Unified,123137.3531,411213729.2
338,Waupun,no data,1,57,6,20,Fond du Lac,52,East Central,6216,321715,1802.3,1903.64,1947,6216,5515870,Unified,181762.1148,457595729.4
339,Wausau,no data,no data,353,9,37,Marathon,46,Wisconsin Valley,6223,1363381,7537.24,7972.99,8311,6223,5515900,Unified,152148.0884,669590112.7
340,Wausaukee,no data,no data,18,8,38,Marinette,25,Marinette-Oconto,6230,69969,393.54,414.02,418,6230,5515930,Unified,217120.0731,1090301033
341,Wautoma Area,1,6,103,5,69,Waushara,39,South Central,6237,219599.5,1224.36,1291.76,1355,6237,5515960,Unified,144700.2848,454643238.1
342,Wauwatosa,no data,no data,311,1,40,Milwaukee,47,Woodland,6244,1236084,6619.4,6983.53,7219,6244,5515990,Unified,46300.65556,34243769.2
343,Wauzeka-Steuben,no data,no data,3,3,12,Crawford,35,Ridge & Valley,6251,44956,257.45,269.2,282,6251,5516020,Unified,150544.3111,245510987.8
344,Webster,5,no data,50,11,7,Burnett,262,Lakeland - West,6293,118946.5,637.01,687.55,672,6293,5516230,Unified,206499.3949,1263936564
345,West Allis-West Milwaukee,no data,4,590,1,40,Milwaukee,17,Greater Metro,6300,1396678,7591.27,8215.75,8240,6300,5516260,Unified,40947.79476,35704712.08
346,West Bend,no data,no data,249,6,66,Washington,45,Wisconsin Little Ten,6307,1129129,6097.47,6379.26,6582,6307,5516290,Unified,86335.71961,260067885
347,West De Pere,no data,1,173,7,5,Brown,2,Bay,6328,604915,3319.88,3456.66,3556,6328,5516320,Unified,68804.90747,121192504.2
348,West Salem,no data,no data,31,4,32,La Crosse,10,Coulee,6370,309439,1704.7,1778.39,1797,6370,5516350,Unified,121623.258,245033973.9
349,Westby Area,no data,no data,43,4,62,Vernon,10,Coulee,6321,186473,1046.97,1096.9,1102,6321,5516410,Unified,260289.9327,441012224.1
350,Westfield,no data,no data,46,5,39,Marquette,39,South Central,6335,171138,971.29,1024.78,1061,6335,5516440,Unified,252062.4398,742988242.4
368,Weston,no data,2,18,3,56,Sauk,35,Ridge & Valley,6354,53947,308.51,323.04,278,6354,5516470,Unified,159672.7547,255856059.4
352,Weyauwega-Fremont,no data,no data,12,6,68,Waupaca,156,Central Wisconsin - 8,6384,140927,746.24,782.93,857,6384,5516500,Unified,157119.3134,390646340.5
418,Wheatland J1,no data,no data,12,2,30,Kenosha,41,Southern Lakes,6412,93565,517.3,547.16,542,6412,5516560,Elementary,51067.18197,81693495.96
353,White Lake,no data,no data,38,8,34,Langlade,31,Northern Lakes,6440,24919,140.38,149.22,145,6440,5516590,Unified,116890.1212,491944819
354,Whitefish Bay,no data,no data,53,1,40,Milwaukee,30,North Shore,6419,525935,2890.82,3005.34,2992,6419,5516620,Unified,12644.72496,5452143.063
355,Whitehall,no data,1,33,4,61,Trempealeau,11,Dairyland,6426,127567,672.21,708.71,768,6426,5516650,Unified,188027.6132,361579841
356,Whitewater Unified,no data,1,277,2,64,Walworth,36,Rock Valley,6461,334098,1840.19,1953.79,1940,6461,5516680,Unified,123640.5914,354056769.8
357,Whitnall,no data,no data,190,1,40,Milwaukee,47,Woodland,6470,427007,2287.66,2412.47,2506,6470,5506000,Unified,29768.29079,21071561.66
358,Wild Rose,no data,no data,12,5,69,Waushara,155,Central Wisconsin - 10,6475,100629,549.87,578.33,580,6475,5516710,Unified,165072.201,372895380.7
359,Williams Bay,no data,no data,no data,2,64,Walworth,43,Trailways,6482,119386.5,677.35,714.89,721,6482,5516740,Unified,35683.88957,26605643.48
378,Wilmot UHS,no data,no data,89,2,30,Kenosha,41,Southern Lakes,6545,185583,1008.99,1072.73,1026,6545,5516770,Secondary,52935.79733,125197403
360,Winneconne Community,no data,no data,22,6,70,Winnebago,52,East Central,6608,293330,1589.35,1657.23,1682,6608,5516830,Unified,137215.261,335294033.5
361,Winter,no data,no data,18,12,57,Sawyer,261,Lakeland - East,6615,42954,234.8,251.19,249,6615,5516860,Unified,199075.6408,1712525993
362,Wisconsin Dells,no data,no data,63,5,56,Sauk,39,South Central,6678,297883,1624.01,1742.01,1787,6678,5517040,Unified,169112.0451,483266438.5
363,Wisconsin Heights,no data,no data,9,2,13,Dane,117,Capitol - South,469,131738,743.3,779.51,776,469,5501230,Unified,158251.5846,270127578
364,Wisconsin Rapids,1,4,487,5,71,Wood,46,Wisconsin Valley,6685,857381.5,4760.88,5043.42,5114,6685,5517070,Unified,156709.903,612240151.8
365,Wittenberg-Birnamwood,no data,no data,42,8,58,Shawano,156,Central Wisconsin - 8,6692,207976,1113.87,1168.4,1178,6692,5517100,Unified,136854.5303,651710214.2
366,Wonewoc-Union Center,no data,no data,6,4,29,Juneau,37,Scenic Bluffs,6713,55094,307.38,320.31,345,6713,5517130,Unified,208227.0339,242521817.4
419,Woodruff J1,no data,no data,15,9,63,Vilas,124,Great Northern,6720,96392,542.91,570.37,545,6720,5517160,Elementary,91739.37003,278309849.2
367,Wrightstown Community,no data,no data,15,7,5,Brown,301,North Eastern,6734,246690,1339.14,1393.73,1367,6734,5517190,Unified,109811.9917,207363931.9
420,Yorkville J2,no data,no data,no data,2,51,Racine,41,Southern Lakes,6748,74439,421.38,435.32,438,6748,5517220,Elementary,45368.94587,73926811.83
